"","ANO","NIVEL","CODMUNRES","TN","TNRC","TNRCR","TGI_15","TGI_15_19","TGI_20_24","TGI_25_29","TGI_30_34","TGi_35_39","TGI_40_44","TGI_45_49","TGi_50","TGIF","IM_P25","IM_P50","IM_P75","IM_MD","IM_DP","EM_S","EM_FI","EM_FII","EM_M","EM_SI","EM_SC","TGRC_B","TGRC_PT","TGRC_A","TGRC_PD","TGRC_I","TGSC","TGCC","TGPRI","TGNPRI","TGU","TGG","TGD_22","TGD_22_27","TGD_28_31","TGD_32_36","TGD_37_41","TGD_42","TGD_PRT","TGD_AT","TGD_PST","DG_P25","DG_P50","DG_P75","DG_MD","DG_DP","TKC_NR","TKC_ID","TKC_IT","TKC_AD","TKC_MAD","TGPRG_S","TGPRG_N","TPV","TPC","TRAP_C","TRAP_P","TRAP_T","TGROB_1","TGROB_2","TGROB_3","TGROB_4","TGROB_5","TGROB_6","TGROB_7","TGROB_8","TGROB_9","TGROB_10","TNLOC_H","TNLOC_ES","TNLOc_D","TNLOC_O","TNLOC_AI","TRS_M","TRS_F","TRRC_B","TRRC_PT","TRRC_A","TRRC_P","TRRC_I","PESO_P25","PESO_P50","PESO_P75","PESO_MD","PESO_DP","TRP_BP","TRP_N","TRP_M","TRPIG_P","TRPIG_A","TRPIG_G","TRAPG5_B","TRAPG5_N","APG5_MD","APG5_DP","TRAC","TRSAC"
"1",2015,"UF",25,59089,0,50802,641,10868,15002,14545,11250,5374,1328,76,5,58443,NA,NA,NA,NA,NA,374,5342,17697,24409,2705,5485,7287,622,173,45950,175,21234,35728,22127,36962,57812,1121,10,219,519,5183,50012,2309,5924,49950,2307,NA,NA,NA,NA,NA,140,9912,4499,5128,35311,29552,29537,25681,33320,55638,2500,122,14628,3928,14301,3132,13092,665,1579,1127,122,4953,58566,356,92,75,0,30245,28834,7314,624,174,46055,175,NA,NA,NA,NA,NA,4203,50688,4195,3595,44927,7716,702,57938,NA,NA,538,55589
"2",2015,"MUNICIPIO",250010,111,0,84,0,18,36,28,12,15,2,0,0,111,21,25,30,25.94,6.39,1,10,39,36,2,2,14,1,0,92,0,22,85,42,69,105,6,0,0,1,5,102,2,6,101,2,38,39,40,39.12,1.95,0,11,2,10,77,88,23,65,46,106,3,0,32,1,47,0,14,2,1,6,0,5,108,1,0,2,0,61,50,15,1,0,92,0,2975,3240,3605,3240.44,554.7,7,98,6,4,89,9,5,101,9.26,1.47,0,110
"3",2015,"MUNICIPIO",250020,70,0,57,2,16,20,11,17,4,0,0,0,68,19.25,23,30,24.76,6.36,0,10,30,17,3,2,15,2,0,52,0,15,52,22,48,67,0,0,0,4,2,60,4,6,59,4,38,39,40,38.68,2.97,0,8,4,14,34,69,1,24,46,67,2,0,19,0,24,0,18,2,0,3,0,3,67,3,0,0,0,32,38,15,2,0,52,0,3041.25,3402.5,3775,3311.64,756.11,5,56,9,3,48,14,0,64,9.2,0.72,1,69
"4",2015,"MUNICIPIO",250030,367,0,319,2,79,96,84,57,36,12,1,0,365,20,25,31,25.66,7.01,6,55,127,147,12,14,7,6,0,322,0,225,132,124,243,359,6,0,0,3,38,311,10,41,311,10,38,39,40,38.66,2.04,1,74,24,41,209,339,28,210,156,353,12,0,102,6,129,10,56,0,12,6,0,39,365,0,2,0,0,185,182,7,6,0,322,0,3017.5,3310,3647.5,3306.44,540.75,20,318,29,19,273,57,6,359,9.01,0.79,6,335
"5",2015,"MUNICIPIO",250040,339,0,323,7,79,72,85,61,26,8,1,0,332,19,25,30,25.34,6.87,3,48,134,122,10,18,6,3,0,329,0,212,122,103,236,325,8,0,0,5,38,271,20,43,271,20,38,39,40,38.6,2.26,0,66,18,27,203,318,21,182,153,320,16,0,81,5,97,23,68,0,11,11,0,35,338,1,0,0,0,178,161,6,3,0,329,0,2895,3260,3667.5,3236.81,642.76,37,269,33,29,232,53,2,334,8.91,0.62,3,335
"6",2015,"MUNICIPIO",250050,244,0,19,0,51,80,56,34,19,4,0,0,244,20,24,29,24.79,6.32,4,36,72,85,3,7,3,0,0,18,0,52,151,93,151,242,0,0,0,0,16,204,24,16,204,24,38,40,40,39.35,1.88,0,54,12,18,151,243,1,113,131,235,5,1,71,14,71,17,47,2,3,0,1,15,243,0,1,0,0,123,121,3,0,0,18,0,3028.75,3325,3605,3322.67,479.52,11,219,14,13,184,34,3,239,9.62,0.77,0,62
"7",2015,"MUNICIPIO",250053,110,0,101,1,19,32,26,17,13,2,0,0,109,20,25,30,25.7,6.51,0,9,42,55,0,3,8,0,0,96,0,65,43,36,74,107,3,0,0,0,13,95,2,13,95,2,38,38,39,38.31,1.66,1,17,6,4,78,110,0,47,63,103,3,1,27,1,35,1,27,0,3,3,1,9,110,0,0,0,0,63,47,8,0,0,96,0,3006.25,3362.5,3677.5,3320.03,543.28,7,92,11,4,84,18,1,103,8.96,0.39,2,106
"8",2015,"MUNICIPIO",250057,51,0,46,0,13,12,12,11,2,1,0,0,51,19.5,25,30,24.98,6.26,0,7,21,19,0,1,0,0,1,49,0,36,14,15,36,51,0,0,0,0,2,44,5,2,43,5,39,40,41,39.7,1.95,0,5,2,5,33,51,0,30,21,47,0,0,15,0,19,1,10,0,0,0,0,2,48,2,1,0,0,24,27,0,0,1,50,0,3100,3405,3720,3406.65,591.68,4,40,7,4,35,8,0,50,9.06,0.37,1,50
"9",2015,"MUNICIPIO",250060,412,0,394,7,107,107,82,74,27,8,0,0,405,19,23.5,30,24.62,6.62,5,57,143,177,9,11,41,1,0,359,0,74,335,168,244,404,7,0,2,4,32,363,10,36,356,10,38,39,40,38.91,1.96,0,87,34,41,222,401,11,254,158,383,17,0,97,43,100,44,66,9,4,7,0,29,408,0,1,3,0,215,197,46,2,0,363,0,2953.75,3267.5,3570,3248.65,546.29,27,355,30,31,315,48,5,404,9.48,1.01,6,406
"10",2015,"MUNICIPIO",250070,175,0,157,1,29,50,40,34,15,6,0,0,174,21,25,31,26.2,6.59,2,21,65,60,9,12,40,3,0,129,0,69,105,73,102,171,4,0,0,1,15,150,7,16,150,7,38,39,40,38.87,1.93,0,19,14,21,110,174,1,56,119,166,7,0,54,9,38,4,43,0,6,4,0,13,174,1,0,0,0,83,92,40,3,0,129,0,2965,3270,3580,3245.94,501.89,10,154,11,9,139,18,2,173,9.18,0.8,0,174
"11",2015,"MUNICIPIO",250073,44,0,36,1,8,12,8,10,5,0,0,0,43,21,25.5,31,25.91,6.61,0,2,14,16,2,4,6,0,0,33,0,29,14,18,26,42,2,0,0,0,5,35,3,5,35,3,38,39,39,38.67,1.86,0,11,2,3,28,44,0,10,34,41,1,0,12,4,7,1,12,1,0,2,0,4,43,0,0,1,0,15,29,6,0,0,33,0,2945,3157,3410,3180.11,357.18,0,43,1,1,33,5,0,43,9.65,0.48,0,44
"12",2015,"MUNICIPIO",250077,127,0,111,1,20,32,37,22,11,4,0,0,126,22,25,30,26.17,6.19,0,12,53,49,4,8,27,4,6,85,0,50,68,49,78,125,2,0,0,0,12,108,7,12,108,7,38,39,40,38.87,1.79,0,20,5,16,68,127,0,31,96,118,4,0,37,5,24,6,35,3,1,2,0,11,126,0,0,1,0,63,64,27,4,6,85,0,2850,3130,3482,3146.2,592.31,11,110,6,16,98,11,1,123,9.1,0.67,1,126
"13",2015,"MUNICIPIO",250080,204,0,18,1,32,58,51,39,22,1,0,0,203,21,25,30,25.88,6.28,4,26,74,60,7,4,5,0,0,19,0,47,134,76,128,197,4,0,0,0,15,178,6,15,178,6,38,39,40,38.94,1.69,2,50,26,19,89,202,2,106,98,195,3,0,52,16,58,12,36,1,2,4,0,15,199,2,1,2,0,107,97,5,0,0,19,0,3077.5,3332.5,3645,3348.16,558.77,9,170,25,10,147,37,0,201,9.61,0.65,1,64
"14",2015,"MUNICIPIO",250090,165,0,154,3,29,39,43,31,14,6,0,0,162,21,26,31,26.03,6.97,0,25,57,56,2,17,8,0,0,152,0,99,63,65,100,161,4,0,1,4,20,133,7,25,133,7,38,39,40,38.32,2.57,0,32,19,13,100,161,4,93,72,156,7,1,43,8,56,7,18,3,3,4,1,21,163,1,1,0,0,88,77,8,0,0,152,0,2910,3220,3495,3161.12,559.22,18,140,7,14,125,20,2,163,8.9,0.59,0,165
"15",2015,"MUNICIPIO",250100,194,0,101,3,51,42,42,34,18,4,0,0,191,19,25,31,25.08,7.13,2,32,58,70,5,13,18,1,0,99,0,73,114,77,117,192,2,0,1,1,21,155,11,23,155,11,38,39,40,38.63,2.33,0,39,11,11,121,173,21,93,100,186,4,2,50,12,44,6,45,1,2,2,2,23,192,2,0,0,0,93,101,18,1,0,99,0,2986.25,3305,3588.75,3244.13,493.58,12,175,7,10,147,25,2,189,9.25,1.03,2,128
"16",2015,"MUNICIPIO",250110,383,0,360,5,64,87,82,89,42,14,0,0,378,21,27,32,26.7,6.94,6,70,143,116,14,28,15,3,0,353,0,219,155,121,262,375,6,0,1,6,35,324,15,42,324,15,38,39,40,38.6,2.22,0,87,29,32,212,345,38,213,169,372,7,0,100,7,138,22,60,1,5,7,0,40,379,1,3,0,0,209,174,15,3,0,353,0,2965,3295,3575,3263.51,572.5,27,325,31,32,283,53,8,374,8.93,0.71,2,380
"17",2015,"MUNICIPIO",250115,27,0,22,0,9,7,4,5,2,0,0,0,27,18,24,28.5,23.93,6.76,0,5,4,13,0,1,0,0,0,27,0,6,21,12,15,27,0,0,0,0,6,19,1,6,19,1,37,38,39,37.77,2.25,0,0,4,5,12,27,0,22,5,27,0,0,8,0,10,0,2,0,0,0,0,6,27,0,0,0,0,13,14,0,0,0,27,0,2835,3120,3535,3145.93,518.55,4,21,2,1,22,3,1,25,9.12,1.03,0,27
"18",2015,"MUNICIPIO",250120,108,0,106,2,16,32,21,26,8,2,1,0,106,21.75,26,31,26.19,6.76,3,9,44,46,2,3,4,0,0,102,0,60,45,17,91,108,0,0,0,0,14,87,7,14,87,7,38,39,40,38.47,2.23,0,14,2,6,84,108,0,59,49,100,8,0,14,0,41,9,23,0,8,0,0,13,108,0,0,0,0,58,50,4,0,0,102,0,2893.75,3282.5,3501.25,3198.24,537.29,8,95,5,5,89,13,0,108,8.92,0.57,0,108
"19",2015,"MUNICIPIO",250130,271,0,252,2,53,73,66,37,27,13,0,0,269,20,25,30.5,25.98,6.95,8,53,105,83,2,16,13,2,0,243,1,166,100,77,194,259,12,0,0,4,25,217,20,29,217,20,38,39,40,38.74,2.23,0,59,20,26,156,266,5,161,110,247,24,0,58,2,93,16,42,2,17,12,0,24,269,0,1,1,0,145,126,13,2,0,243,1,2960,3250,3677.5,3308.21,555.99,11,231,29,9,198,41,1,266,8.93,0.49,0,268
"20",2015,"MUNICIPIO",250135,78,0,66,2,19,20,14,11,9,3,0,0,76,19,24,30.75,25.6,7.67,1,6,26,29,4,2,3,0,0,65,0,42,33,17,61,76,2,0,1,1,8,63,3,10,63,3,38,39,40,38.57,2.61,0,4,3,7,55,78,0,49,29,67,2,0,11,0,26,5,14,0,2,2,0,9,78,0,0,0,0,37,41,4,0,0,71,0,2855,3350,3653.75,3290.13,584.63,8,61,9,6,55,12,1,77,8.95,1.13,1,76
"21",2015,"MUNICIPIO",250140,168,0,93,0,35,46,53,20,9,5,0,0,168,20,25,29,24.95,6.21,2,15,42,49,5,5,11,1,0,54,43,24,96,57,111,161,5,0,1,0,13,118,12,14,118,12,38,39,40,38.99,2.37,0,36,19,13,61,168,0,110,56,162,2,0,35,5,46,11,33,0,0,5,0,9,143,25,0,0,0,85,83,11,1,0,54,43,3008.75,3315,3641.25,3323.71,540.27,8,144,16,7,103,25,1,166,9.7,0.58,2,160
"22",2015,"MUNICIPIO",250150,270,0,166,1,40,62,72,51,29,12,3,0,269,21,27,32,27.19,6.99,3,53,85,81,16,16,16,1,0,160,0,102,156,95,175,256,13,0,5,3,14,230,15,22,230,15,38,39,40,38.62,2.69,0,51,13,17,176,258,12,152,118,258,9,1,73,15,85,12,47,1,4,12,1,15,269,0,0,1,0,140,130,16,1,0,160,0,2972.5,3312,3638.75,3269.66,653.44,24,216,30,14,190,43,3,266,9.22,1,4,191
"23",2015,"MUNICIPIO",250153,53,0,50,1,12,13,20,4,1,2,0,0,52,20,25,28,24.53,6.06,0,6,17,27,0,3,9,0,0,43,0,32,20,21,32,53,0,0,0,0,6,43,4,6,43,4,38,39,40,38.81,2.18,0,7,3,2,41,53,0,18,34,53,0,0,20,0,12,5,10,0,0,0,0,6,53,0,0,0,0,27,26,9,0,0,43,0,3005,3345,3650,3353.21,474.92,2,46,5,2,43,8,1,52,9.58,0.91,0,52
"24",2015,"MUNICIPIO",250157,95,0,90,1,13,29,21,16,11,4,0,0,94,21,26,32,26.76,6.94,1,14,35,38,1,5,12,0,0,79,0,45,50,23,72,90,4,0,1,1,9,82,2,11,82,2,38,39,40,38.52,2.37,0,14,3,5,71,95,0,55,40,89,4,1,20,0,29,9,20,0,3,4,1,8,94,0,0,1,0,53,42,12,0,0,79,0,3067.5,3335,3842.5,3349.39,664.13,8,73,14,8,57,24,3,90,8.82,0.86,0,95
"25",2015,"MUNICIPIO",250160,148,0,145,2,28,39,41,25,13,0,0,0,146,20,26,30,25.55,6.1,1,16,62,55,6,8,17,0,0,130,0,85,62,54,94,146,2,0,2,0,13,128,5,15,128,5,38,39,40,38.92,2.28,0,18,6,16,100,148,0,74,73,141,5,1,40,6,48,13,19,2,3,2,1,13,148,0,0,0,0,87,61,17,0,0,130,0,3000,3339,3623.75,3281.08,533.9,12,129,7,7,123,14,0,148,9.43,0.66,2,145
"26",2015,"MUNICIPIO",250170,91,0,88,2,20,27,19,16,3,4,0,0,89,20,24,29.5,25.1,6.82,0,13,37,39,0,1,4,1,0,84,0,58,31,34,57,91,0,0,1,0,4,78,8,5,78,8,38,39,40,39.1,2.34,0,16,2,3,66,91,0,39,52,84,5,0,30,2,21,6,20,0,5,0,0,5,91,0,0,0,0,46,45,4,1,0,84,0,3115,3380,3675,3381.21,635.51,5,74,12,5,67,16,2,87,8.92,1.09,0,91
"27",2015,"MUNICIPIO",250180,1394,0,1287,21,283,416,326,221,108,19,0,0,1373,20,24,29,25.06,6.4,6,91,444,739,41,60,135,34,3,1194,2,370,971,561,833,1372,21,0,10,12,131,1178,48,153,1178,48,38,39,40,38.63,2.39,14,277,212,146,660,833,561,632,762,1323,41,1,324,154,280,108,295,15,19,20,1,136,1389,2,3,0,0,749,645,135,34,3,1194,2,2940,3250,3548.75,3221.72,569.01,104,1205,85,82,1095,166,22,1370,9.52,0.93,13,1371
"28",2015,"MUNICIPIO",250190,235,0,65,7,43,58,57,37,28,4,1,0,228,20,25,31,25.82,6.95,3,35,81,74,8,11,6,0,1,59,0,62,147,96,139,234,0,0,1,3,10,208,12,14,208,12,38,39,40,38.88,2.19,0,52,18,16,147,198,37,96,139,220,8,1,53,29,43,24,57,2,6,0,1,13,234,1,0,0,0,116,119,6,0,1,59,0,3005,3320,3622.5,3334.72,584.38,12,197,26,14,175,40,5,230,9.41,1.09,3,106
"29",2015,"MUNICIPIO",250200,100,0,90,2,24,26,25,14,6,3,0,0,98,19,24,29,24.62,6.7,1,8,39,41,2,1,6,1,0,91,0,69,31,40,60,96,4,0,1,0,13,81,3,14,81,3,37,38,39,38.09,2.35,0,20,9,13,54,93,7,20,80,97,1,0,27,5,17,2,28,1,0,4,0,12,100,0,0,0,0,54,46,6,1,0,91,0,2995,3200,3502.5,3229.4,477.6,4,93,3,0,78,13,1,99,9.85,0.58,1,99
"30",2015,"MUNICIPIO",250205,57,0,52,0,11,14,14,11,7,0,0,0,57,21,27,30,26.23,6.04,1,5,16,28,1,5,7,1,0,48,0,28,29,27,30,57,0,0,1,0,8,46,2,9,46,2,38,40,40,38.74,3.01,0,6,2,3,43,57,0,26,31,54,3,0,20,3,13,2,7,1,2,0,0,9,57,0,0,0,0,28,29,7,1,0,48,0,3070,3245,3390,3193.68,530.47,4,51,2,3,50,3,1,55,8.95,0.77,0,57
"31",2015,"MUNICIPIO",250210,71,0,58,2,13,18,21,10,5,2,0,0,69,20,26,29,25.34,6.47,1,7,27,27,0,4,2,5,0,60,0,21,47,25,46,69,2,0,0,0,4,58,6,4,58,6,39,40,40,39.5,1.74,0,9,1,2,27,71,0,29,42,71,0,0,23,1,18,0,20,0,0,2,0,4,70,0,0,1,0,33,38,2,5,0,60,0,3279,3650,3900,3540.11,632.97,4,55,12,2,45,18,0,70,8.9,0.57,1,69
"32",2015,"MUNICIPIO",250215,90,0,87,0,15,20,24,17,12,2,0,0,90,21,27,32,26.93,6.72,0,12,24,43,2,8,4,0,0,83,0,52,36,15,75,88,2,0,0,0,5,75,10,5,74,10,38,39,40,39.01,1.96,0,11,2,5,68,89,1,50,40,78,10,0,10,0,27,12,26,2,8,2,0,1,89,0,1,0,0,47,43,4,0,0,84,0,3016.25,3245,3637.5,3312.14,463.26,3,82,5,0,72,13,2,88,8.9,0.87,0,90
"33",2015,"MUNICIPIO",250220,37,0,35,0,13,10,10,4,0,0,0,0,37,19,22,28,22.89,5,0,4,18,12,2,1,8,0,0,29,0,22,15,15,22,33,4,0,0,1,0,29,5,1,29,5,38.5,40,40,39.43,2.43,0,1,0,2,30,37,0,18,19,32,5,0,10,4,7,0,7,1,1,4,0,1,37,0,0,0,0,22,15,8,0,0,29,0,2940,3165,3440,3198.38,391.07,1,36,0,5,23,2,0,37,9.22,0.58,0,37
"34",2015,"MUNICIPIO",250230,45,0,37,1,12,11,6,7,6,2,0,0,44,19,23,32,25.53,7.87,0,2,13,24,0,3,9,0,0,31,0,17,26,24,21,45,0,0,1,1,3,37,2,5,37,2,37.75,39,39,38.16,2.76,0,7,3,4,27,44,1,7,38,45,0,0,21,0,3,1,14,0,0,0,0,5,44,0,1,0,0,15,30,9,0,0,31,0,2875,3255,3510,3110.44,666.09,5,40,0,3,37,3,1,44,9.49,0.82,0,40
"35",2015,"MUNICIPIO",250240,152,0,138,1,23,44,51,19,10,4,0,0,151,21,25,29,25.51,6.18,4,39,49,50,1,3,17,1,1,132,0,82,69,44,108,152,0,0,1,2,9,129,10,12,129,10,38,39,40,38.95,2.35,0,24,8,15,96,123,29,72,80,145,6,0,30,7,52,4,40,2,4,0,0,11,152,0,0,0,0,70,82,17,1,1,132,0,3050,3350,3673.5,3329.22,522.84,8,136,8,7,117,24,3,148,9.23,0.79,1,151
"36",2015,"MUNICIPIO",250250,291,0,253,10,60,85,65,45,15,11,0,0,281,20,24,29,24.87,6.75,0,34,139,81,6,15,35,1,0,248,0,128,152,92,199,273,18,0,0,5,25,232,15,30,232,15,38,39,40,38.61,2.14,0,47,9,25,197,213,78,153,137,273,16,0,68,3,79,6,70,2,11,18,0,24,290,1,0,0,0,133,158,35,1,0,248,0,2892.5,3290,3670,3196.22,754.27,29,232,30,25,192,43,4,286,9.13,0.82,3,284
"37",2015,"MUNICIPIO",250260,83,0,64,0,15,15,19,22,12,0,0,0,83,22,27,32,27,6.57,0,5,27,39,1,3,16,1,0,60,0,18,63,33,50,81,2,0,0,1,8,72,2,8,71,2,38,39,40,38.85,1.92,0,11,0,8,45,82,1,31,52,76,3,0,28,0,23,1,18,0,1,2,0,6,77,5,1,0,0,41,42,17,1,0,61,0,3075,3500,3925,3431.25,764.67,9,58,16,5,51,23,2,74,8.93,1.37,0,83
"38",2015,"MUNICIPIO",250270,85,0,13,3,19,23,18,17,4,1,0,0,82,19,24,30,24.72,6.47,1,15,18,25,0,6,2,0,0,12,0,23,49,36,49,83,0,0,0,0,2,80,3,2,80,3,38,39,40,39.24,1.46,0,21,4,4,47,85,0,45,40,81,2,0,26,5,28,7,12,2,0,0,0,2,85,0,0,0,0,49,36,2,0,0,12,0,2950,3185,3435,3213.53,492.91,7,73,5,11,64,6,0,85,9.62,0.64,1,26
"39",2015,"MUNICIPIO",250280,207,0,185,4,42,67,41,35,16,2,0,0,203,20,24,30,24.89,6.28,1,26,86,65,4,17,26,2,0,169,0,120,86,88,119,205,2,0,1,2,19,178,5,22,178,5,38,39,39,38.45,2.11,0,37,10,35,120,165,42,43,164,206,1,0,66,9,45,8,54,1,0,2,0,20,207,0,0,0,0,112,95,26,2,0,169,0,3000,3270,3515,3220.56,546.18,22,171,14,16,161,24,3,203,9.57,0.98,1,195
"40",2015,"MUNICIPIO",250290,83,0,68,1,19,24,18,12,8,1,0,0,82,20,24,29.5,24.8,6.84,0,7,32,33,4,4,18,0,0,57,0,30,52,37,46,81,2,0,0,0,4,76,1,4,76,1,38,39,39,38.62,1.34,1,12,10,13,44,83,0,4,79,81,1,0,30,4,6,0,33,0,1,2,0,4,83,0,0,0,0,40,43,18,0,0,57,0,2947.5,3200,3465,3213.25,401.59,3,77,3,4,66,9,0,83,9.92,0.32,1,74
"41",2015,"MUNICIPIO",250300,450,0,432,10,101,108,106,78,44,3,0,0,440,20,25,30,25.16,6.6,8,50,149,201,16,24,21,12,2,407,2,103,343,139,311,445,4,1,0,6,27,383,25,34,382,25,38,39,40,38.96,2.28,0,83,18,29,301,369,81,282,168,433,15,0,82,43,134,49,88,4,11,5,0,24,447,0,2,1,0,234,216,21,12,2,408,2,3000,3330,3611.25,3290.71,546.76,34,383,33,35,342,50,5,444,9.45,0.79,5,444
"42",2015,"MUNICIPIO",250310,52,0,49,0,6,12,18,8,5,3,0,0,52,23,26.5,30.25,27.19,6.46,0,4,20,21,4,2,6,0,0,44,0,25,27,10,42,52,0,0,0,0,2,45,5,2,45,5,38,39,40,39.29,1.64,0,10,3,1,36,52,0,25,27,51,1,0,7,1,23,2,16,0,1,0,0,2,52,0,0,0,0,25,27,6,0,0,44,0,3256.25,3455,3911.25,3549.33,547.83,1,40,11,3,35,13,1,50,8.92,0.66,0,52
"43",2015,"MUNICIPIO",250320,937,0,904,17,165,227,215,195,102,15,1,0,920,21,26,31,26.1,6.74,2,44,262,427,53,148,163,17,4,736,4,243,680,379,558,917,15,0,1,9,94,801,27,104,801,27,38,39,40,38.59,2.08,4,149,60,76,594,927,10,397,540,891,37,2,205,116,184,70,213,13,19,17,2,85,936,0,1,0,0,503,434,163,17,4,736,4,2970,3300,3600,3261,570.82,72,799,66,59,721,124,8,929,9.62,0.74,13,920
"44",2015,"MUNICIPIO",250330,151,0,131,2,28,41,30,35,14,1,0,0,149,20.5,25,31,25.95,6.43,1,22,68,40,6,7,17,1,1,131,0,83,66,60,91,148,3,0,0,0,11,127,4,11,127,4,38,39,40,39.08,1.6,0,13,17,18,92,151,0,57,94,145,5,1,44,5,38,3,35,2,3,3,1,9,150,0,0,1,0,81,70,17,1,1,131,0,2860,3180,3527.5,3190.5,476.21,6,137,8,10,112,14,1,149,9.07,0.62,0,151
"45",2015,"MUNICIPIO",250340,67,0,54,2,10,22,15,14,4,0,0,0,65,21,24,30,25.07,6.1,0,6,16,28,3,2,5,0,0,62,0,27,38,26,41,67,0,0,0,0,6,57,3,6,57,3,38,39,40,38.85,1.58,0,0,2,7,52,67,0,20,47,62,5,0,22,0,4,0,29,0,5,0,0,6,67,0,0,0,0,35,32,5,0,0,62,0,3140,3310,3471,3307.24,399.31,2,61,4,2,56,7,1,65,9.2,0.79,0,67
"46",2015,"MUNICIPIO",250350,224,0,198,2,39,62,60,39,20,1,1,0,222,21,26,30,25.83,6.4,2,50,74,89,3,3,15,1,0,186,0,131,91,67,157,222,2,0,1,5,15,191,10,21,191,10,38,39,40,38.84,2.47,0,40,10,18,151,208,16,144,80,217,4,0,53,6,83,14,37,0,4,2,0,21,224,0,0,0,0,112,112,15,1,0,186,0,2972.5,3315,3676.25,3293.03,615.57,12,187,25,16,160,38,4,219,8.92,1.01,8,204
"47",2015,"MUNICIPIO",250355,131,0,91,5,32,32,25,22,8,6,1,0,126,19,24,30,25.02,7.5,1,15,43,34,3,5,2,1,0,128,0,50,78,40,91,129,2,0,0,2,13,106,8,15,106,8,39,39,40,39.05,2.27,0,4,17,23,70,130,1,81,50,128,3,0,33,1,53,0,26,1,2,2,0,12,128,0,1,2,0,58,73,2,1,0,128,0,2860,3154,3425,3130.26,582.33,11,113,7,12,103,11,4,116,9.19,1.23,2,125
"48",2015,"MUNICIPIO",250360,94,0,12,2,15,27,23,14,9,4,0,0,92,20,25,30,25.9,6.98,0,10,31,34,0,3,2,0,0,11,0,25,59,38,56,91,2,0,0,1,8,81,3,9,81,3,38,39,40,38.88,2.35,0,22,6,6,53,93,1,45,49,92,1,0,24,8,33,2,16,1,0,2,0,6,93,0,1,0,0,45,49,2,0,0,11,0,3011.25,3272.5,3548.75,3257.62,426.78,2,90,2,3,78,8,1,92,9.66,0.88,0,29
"49",2015,"MUNICIPIO",250370,975,0,884,6,169,243,235,199,103,20,0,0,969,21,26,31,26.31,6.5,2,67,310,417,66,102,244,4,0,718,0,473,489,447,528,964,11,1,3,8,69,807,36,81,807,36,38,39,40,38.69,2.16,0,117,89,90,630,207,768,265,707,944,28,3,323,53,193,21,226,10,16,11,3,70,975,0,0,0,0,513,462,244,4,0,718,0,2920,3200,3530,3198.84,553.81,76,841,58,72,713,109,17,956,9.08,0.9,4,971
"50",2015,"MUNICIPIO",250375,49,0,47,0,15,8,13,8,5,0,0,0,49,19,25,30,24.96,6.63,0,6,13,28,1,1,14,0,0,35,0,23,25,25,24,49,0,0,0,0,5,42,1,5,42,1,38,39,40,38.83,1.63,0,4,1,2,41,49,0,13,36,49,0,0,22,1,10,0,10,0,0,0,0,5,49,0,0,0,0,26,23,14,0,0,35,0,3110,3320,3680,3361.9,440.86,2,44,3,2,40,6,0,48,9.67,0.52,0,49
"51",2015,"MUNICIPIO",250380,110,0,82,0,24,33,24,18,9,2,0,0,110,20,24,30,25.32,6.53,3,11,44,44,1,3,12,1,0,87,0,25,81,47,63,107,2,0,1,0,5,86,9,6,86,9,39,39,40,39.12,2.14,0,21,1,5,61,109,1,52,56,100,6,1,28,11,20,7,18,2,2,2,1,6,109,0,1,0,0,54,56,12,1,0,87,0,3054.5,3330,3590,3303.94,575.99,6,94,10,5,74,16,1,108,9.4,0.81,2,105
"52",2015,"MUNICIPIO",250390,97,0,89,2,17,28,28,10,10,2,0,0,95,20,25,29,25.25,6.32,1,15,43,27,6,0,4,0,1,88,0,49,45,37,60,97,0,0,1,0,6,88,2,7,88,2,38,39,40,38.74,2.3,0,20,0,6,69,97,0,40,57,88,9,0,22,10,25,1,23,3,6,0,0,7,97,0,0,0,0,57,40,4,0,1,88,0,2980,3268,3568,3247.89,610.38,6,83,8,8,77,12,2,95,9.29,1.1,0,95
"53",2015,"MUNICIPIO",250400,6610,0,6586,56,1052,1579,1655,1397,684,176,11,0,6554,21,26,32,26.64,6.65,14,385,1747,3069,447,923,368,7,1,6224,1,3419,3046,1836,4774,6487,117,1,27,66,625,5656,232,718,5656,232,38,39,40,38.53,2.14,3,952,452,503,4494,78,6532,2710,3900,6029,503,6,1236,269,1678,336,1810,42,433,118,6,609,6603,6,1,0,0,3437,3171,368,7,1,6225,1,2970,3290,3605,3257.57,568,490,5677,443,390,5123,888,74,6530,8.97,0.72,55,6505
"54",2015,"MUNICIPIO",250403,96,0,54,2,26,22,22,17,5,1,1,0,94,19,23,29.25,24.57,6.9,2,16,26,21,1,4,5,0,0,55,0,19,51,33,63,95,0,0,0,1,12,68,5,13,68,5,38,39,40,38.9,2.3,0,20,11,9,42,96,0,64,31,87,5,0,12,8,27,5,14,3,2,0,0,12,87,9,0,0,0,47,49,5,0,0,55,0,2983.75,3332.5,3652.5,3301.95,525.13,5,83,8,6,65,12,0,95,9.68,0.57,0,84
"55",2015,"MUNICIPIO",250407,58,0,50,0,11,18,10,14,4,1,0,0,58,21,24.5,30,25.48,5.96,0,7,21,20,0,4,4,0,0,52,0,33,24,21,37,58,0,0,0,2,6,47,2,8,47,2,38,39,40,38.28,2.58,0,12,4,5,36,58,0,32,26,57,1,0,17,0,19,2,10,0,1,0,0,8,57,0,0,1,0,35,23,4,0,0,52,0,2841.25,3200,3497.5,3146.1,598.1,7,47,4,3,47,6,0,57,9.37,0.49,1,57
"56",2015,"MUNICIPIO",250410,23,0,18,0,4,11,4,3,1,0,0,0,23,21,22,26,23.96,5.19,0,3,7,10,2,0,8,0,1,13,0,16,7,10,13,21,2,0,0,0,3,17,0,3,17,0,38,39,39,38.45,1.32,0,2,2,3,11,23,0,9,14,20,3,0,6,0,3,0,6,2,1,2,0,1,23,0,0,0,0,17,6,8,0,1,13,0,2987.5,3230,3372.5,3151.3,501.33,2,21,0,1,15,2,2,21,8.7,1.43,0,23
"57",2015,"MUNICIPIO",250415,79,0,77,2,23,21,14,14,3,2,0,0,77,19,24,28.5,24.11,6.49,5,18,30,23,0,0,4,0,0,74,0,57,21,30,49,72,7,0,0,1,8,62,8,9,62,8,38,39,40,39,2.21,0,12,0,5,58,79,0,58,21,75,4,0,22,1,28,7,7,1,1,7,0,5,79,0,0,0,0,35,44,4,0,0,74,0,2950,3230,3490,3260.44,515.08,4,69,6,2,55,12,2,77,8.87,0.91,0,79
"58",2015,"MUNICIPIO",250420,77,0,50,1,14,18,24,11,8,1,0,0,76,21,26,30,25.62,6.35,2,7,12,29,0,3,2,0,0,74,0,24,52,35,42,77,0,0,0,1,8,63,3,9,62,3,38,39,40,38.57,2.17,0,2,11,10,46,77,0,44,33,74,2,0,30,0,22,0,11,2,0,0,0,9,76,0,0,1,0,44,33,2,0,0,75,0,2900,3150,3460,3116.95,554.57,10,65,2,5,64,5,2,70,9.25,1.1,0,76
"59",2015,"MUNICIPIO",250430,405,0,371,1,67,102,116,73,36,10,0,0,404,21,26,31,26.28,6.3,1,26,136,178,20,34,48,2,0,344,0,207,189,180,225,396,8,0,1,1,26,367,8,28,367,8,38,39,39,38.44,1.62,0,59,27,23,289,65,340,69,336,398,7,0,141,15,61,18,126,3,4,8,0,26,402,2,1,0,0,230,175,48,2,0,344,0,2950,3250,3600,3230.36,534.94,25,359,21,28,321,43,5,398,9.71,0.89,10,393
"60",2015,"MUNICIPIO",250435,77,0,75,0,9,23,19,14,5,7,0,0,77,22,26,30,27,7.12,3,8,31,27,2,6,5,1,0,70,0,29,45,12,65,75,2,0,1,0,8,65,2,9,65,2,38,39,40,38.53,2.57,1,7,2,4,60,77,0,40,37,71,5,0,10,0,28,5,18,0,5,2,0,7,77,0,0,0,0,39,38,5,1,0,70,0,3000,3240,3590,3193.05,592.85,8,65,4,6,60,8,3,74,8.78,1.15,1,76
"61",2015,"MUNICIPIO",250440,246,0,204,2,44,83,60,38,16,3,0,0,244,20,24,29,24.91,6.09,1,15,67,88,2,15,14,5,0,221,0,60,180,99,147,244,2,0,0,0,25,210,7,25,209,7,38,39,40,38.78,1.8,0,29,14,26,139,179,67,101,145,236,6,0,71,9,69,8,50,2,3,2,0,24,245,0,1,0,0,137,109,14,5,0,222,0,2952.5,3340,3670,3283.8,549.32,23,202,21,18,180,40,1,242,9.25,0.86,2,241
"62",2015,"MUNICIPIO",250450,78,0,52,1,9,32,19,9,8,0,0,0,77,21,24,29,25.32,5.89,0,2,15,34,3,3,10,1,0,64,0,23,52,38,40,76,2,0,0,0,4,72,1,4,70,1,38,39,40,38.87,1.56,0,9,7,11,40,78,0,38,40,69,7,0,32,0,21,0,11,4,2,2,0,3,76,0,0,2,0,41,37,10,1,0,66,0,2890,3295,3635,3284.12,515.39,5,67,6,6,56,11,1,72,9.44,0.85,1,76
"63",2015,"MUNICIPIO",250460,490,0,483,5,130,137,113,70,27,8,0,0,485,19,23.5,28,24.32,6.32,3,56,172,229,14,15,52,10,1,424,2,79,410,196,294,480,10,0,2,3,38,423,22,43,423,22,38,39,40,38.94,2.11,6,104,32,46,286,489,1,283,207,462,28,0,114,60,131,48,74,16,8,10,0,27,486,0,1,3,0,263,227,52,10,1,424,2,3010,3280,3615,3262.69,560.89,35,429,26,31,389,58,4,485,9.54,0.76,11,477
"64",2015,"MUNICIPIO",250470,76,0,68,0,16,21,21,12,6,0,0,0,76,20,25,28.25,24.97,5.82,1,6,34,30,1,2,8,1,0,62,0,42,32,39,37,76,0,0,1,0,6,66,2,7,66,2,38,39,40,38.52,2.49,0,21,4,2,48,76,0,19,57,71,4,0,27,6,14,5,12,2,2,0,0,6,76,0,0,0,0,33,43,8,1,0,62,0,2997.5,3250,3501.25,3241.86,517.43,3,69,4,2,64,9,2,74,9.36,1.26,0,74
"65",2015,"MUNICIPIO",250480,223,0,155,2,55,68,50,29,17,2,0,0,221,19,24,28,24.5,6.35,2,26,66,70,6,5,28,23,0,160,0,95,121,106,117,213,8,0,0,5,25,178,10,30,178,10,38,39,40,38.49,2.26,0,44,15,17,132,112,111,65,157,212,5,0,84,4,44,0,45,3,1,8,0,23,220,2,0,1,0,118,104,28,23,0,160,0,2892.5,3250,3582.5,3216.49,601.44,18,190,15,12,164,28,9,202,8.96,1.22,1,218
"66",2015,"MUNICIPIO",250485,22,0,21,0,6,3,6,5,2,0,0,0,22,19.5,25,30,25.86,6.22,0,1,6,13,1,1,1,0,0,20,0,15,7,6,16,22,0,0,0,1,2,18,1,3,18,1,38,39,40,38.36,2.63,0,7,0,4,10,22,0,13,9,20,2,0,2,3,5,3,4,1,1,0,0,3,22,0,0,0,0,10,12,1,0,0,20,0,2876.25,3320,3650.75,3248.86,666.48,2,18,2,3,17,2,0,22,9.32,0.57,0,22
"67",2015,"MUNICIPIO",250490,256,0,248,4,71,76,40,38,20,6,1,0,252,19,23,30,24.35,6.91,3,34,92,118,3,6,0,0,0,255,0,118,138,115,141,254,2,0,0,1,22,222,8,23,222,8,38,39,40,38.98,1.88,1,69,26,43,109,256,0,134,122,248,7,1,85,12,70,13,44,3,4,1,1,20,256,0,0,0,0,131,125,0,0,0,255,0,3015,3306,3600.5,3273.01,515.81,20,218,18,16,203,28,2,254,9.34,0.91,2,254
"68",2015,"MUNICIPIO",250500,110,0,104,3,30,28,30,12,6,1,0,0,107,19,23.5,28.75,23.86,6.29,0,15,46,43,3,2,5,1,0,102,0,75,31,35,75,110,0,0,0,2,14,91,3,16,90,3,38,39,40,38.59,2.2,0,20,4,3,80,109,1,63,47,103,5,0,28,0,35,6,19,1,4,0,0,15,108,1,0,1,0,55,55,5,1,0,103,0,3046.25,3297.5,3643.75,3318.77,597.68,6,94,10,4,83,20,0,110,8.98,0.54,0,107
"69",2015,"MUNICIPIO",250510,301,0,273,2,62,87,83,44,17,4,2,0,299,20,24,29,25.11,6.16,3,38,94,129,16,13,64,4,0,224,0,143,149,128,173,295,6,0,1,2,23,263,10,26,263,10,38,39,40,38.74,1.98,0,66,17,24,186,158,143,106,195,284,11,2,79,27,70,25,51,5,6,6,2,24,301,0,0,0,0,144,157,64,4,0,224,0,2990,3270,3600,3266.69,511.98,14,266,21,16,239,34,2,298,9.58,0.75,1,296
"70",2015,"MUNICIPIO",250520,103,0,12,3,21,29,29,14,7,0,0,0,100,20,24,29,24.58,6,1,8,33,38,2,3,0,2,0,11,0,17,72,39,64,103,0,0,0,1,12,84,6,13,84,6,38,40,40,38.92,2.15,0,25,6,8,59,103,0,46,57,100,2,1,31,2,28,8,19,1,1,0,1,12,103,0,0,0,0,51,52,0,2,0,11,0,2977.5,3345,3662.5,3351.99,543.41,6,86,11,6,76,20,1,102,9.68,0.69,1,26
"71",2015,"MUNICIPIO",250523,79,0,49,2,21,22,19,12,2,1,0,0,77,19,23,29,23.85,6.45,2,14,24,16,1,1,9,2,0,43,0,8,53,32,47,79,0,0,1,0,11,57,3,12,57,3,38,39,40,38.57,2.6,0,16,7,8,35,79,0,51,28,75,2,0,21,4,16,3,16,2,0,0,0,10,70,9,0,0,0,39,40,9,2,0,43,0,2970,3195,3550,3257.37,568.34,5,65,9,4,52,15,3,76,9.49,0.97,0,74
"72",2015,"MUNICIPIO",250527,68,0,34,1,11,13,23,12,5,2,1,0,67,21,26,31,26.37,6.69,1,14,17,11,0,2,6,0,0,32,0,7,39,22,46,67,0,0,0,0,6,50,3,6,50,3,38.5,39,40,39.15,1.8,1,11,7,5,25,68,0,38,28,62,1,0,13,4,17,6,10,0,1,0,0,5,58,10,0,0,0,36,32,7,0,0,32,0,2982.5,3327.5,3823.75,3379.04,576.16,4,52,12,6,37,15,1,67,9.57,0.82,0,53
"73",2015,"MUNICIPIO",250530,26,0,23,0,8,5,8,3,2,0,0,0,26,19,24,27,24,5.69,0,3,7,14,0,1,1,1,0,22,0,10,16,14,12,26,0,0,0,0,0,23,3,0,23,3,38,39,40,39.23,1.66,0,2,0,0,15,26,0,12,14,26,0,0,14,0,7,0,5,0,0,0,0,0,26,0,0,0,0,13,13,1,1,0,22,0,3200,3560,3650,3495.58,294.52,0,25,1,0,22,3,0,26,8.96,0.72,0,26
"74",2015,"MUNICIPIO",250535,73,0,71,1,15,14,21,14,2,6,0,0,72,20,26,30,26.16,7.45,2,1,34,29,2,5,1,0,0,70,0,42,31,30,43,71,2,0,1,0,7,59,6,8,59,6,38,39,40,38.77,2.61,0,12,3,2,55,73,0,48,25,70,3,0,22,1,22,5,13,1,2,2,0,5,73,0,0,0,0,43,30,1,0,0,70,0,2980,3260,3660,3293.49,524.94,6,58,9,5,48,15,3,70,9.29,1.09,0,73
"75",2015,"MUNICIPIO",250540,126,0,93,0,23,36,23,22,20,2,0,0,126,21,25,31,26.35,6.8,1,17,40,38,3,8,5,0,0,116,0,48,74,47,79,125,0,0,0,0,9,109,5,9,108,5,38,39,40,38.83,1.78,0,6,9,14,80,124,2,48,78,124,1,0,38,3,40,1,29,0,1,0,0,9,125,0,0,1,0,59,67,5,0,0,117,0,2946.25,3200,3470,3171.04,465.6,10,114,2,11,104,5,3,119,9.16,0.79,0,119
"76",2015,"MUNICIPIO",250550,38,0,30,1,6,9,10,7,3,2,0,0,37,21.5,26,31.75,26.55,7.45,0,6,14,11,0,1,8,0,0,29,0,6,32,15,23,38,0,0,0,1,2,35,0,3,34,0,38,39,39,38.41,2.14,0,1,6,4,25,37,1,12,26,37,0,0,11,2,8,1,12,0,0,0,0,3,37,0,1,0,0,22,16,8,0,0,30,0,2882.5,3197.5,3527.75,3194.05,664.61,6,28,4,7,24,6,0,35,9.54,0.51,0,37
"77",2015,"MUNICIPIO",250560,95,0,72,2,19,19,30,20,5,0,0,0,93,20,26,30,25.22,5.89,0,4,30,44,3,3,5,2,0,83,0,35,56,44,51,91,4,0,1,0,6,77,8,7,77,8,38.75,39,40.25,39.25,2.34,0,6,2,8,32,93,2,47,48,90,3,1,39,0,23,0,17,1,0,4,1,6,91,1,1,2,0,54,41,5,2,0,83,0,3200,3500,3800,3451.72,603.98,6,77,12,1,66,17,0,93,8.94,0.57,1,94
"78",2015,"MUNICIPIO",250570,150,0,20,2,34,37,43,20,6,7,1,0,148,20,25,29,25.1,6.89,2,16,34,69,3,3,3,0,0,21,0,28,102,66,84,148,0,0,0,1,6,130,13,7,130,13,39,40,40.75,39.47,1.95,0,28,3,14,95,146,4,87,63,145,2,0,43,17,48,14,17,2,0,0,0,6,150,0,0,0,0,87,63,3,0,0,21,0,3022.5,3297.5,3613.75,3305.62,520.23,7,129,14,7,119,18,3,146,9.57,0.89,2,50
"79",2015,"MUNICIPIO",250580,57,0,3,2,12,13,12,13,3,2,0,0,55,20,25,31,25.33,7.21,0,4,20,18,0,1,1,0,0,3,0,8,35,25,32,55,0,0,1,0,6,47,3,7,47,3,38,39,40,38.63,2.62,0,16,6,5,28,57,0,26,30,54,1,0,15,4,17,4,7,1,0,0,0,7,56,0,0,1,0,34,23,1,0,0,3,0,3075,3355,3615,3330.09,566.27,2,52,3,1,43,11,1,56,9.72,0.86,0,13
"80",2015,"MUNICIPIO",250590,42,0,28,0,7,9,12,8,4,2,0,0,42,21.25,25,30,26.33,6.65,0,0,14,14,1,1,0,0,0,41,0,7,35,18,24,42,0,0,0,0,3,38,1,3,37,1,38,39,40,39.15,1.51,0,1,3,8,26,42,0,19,23,41,0,0,16,0,12,0,10,0,0,0,0,3,42,0,0,0,0,22,20,0,0,0,42,0,3215,3415,3710,3427.62,495.8,2,36,4,2,31,8,1,40,9.27,1.45,0,42
"81",2015,"MUNICIPIO",250600,525,0,512,2,109,127,131,87,53,14,2,0,523,20,26,31,25.98,6.83,2,49,186,229,29,27,45,3,0,471,0,282,235,163,362,504,21,1,1,3,46,458,16,51,458,16,38,39,40,38.64,2.1,0,69,10,41,394,355,170,240,285,497,23,1,120,22,140,44,113,4,16,21,1,40,524,0,1,0,0,266,259,45,3,0,471,0,2925,3260,3525,3198.05,534.12,37,469,19,34,416,48,6,517,8.96,0.56,5,520
"82",2015,"MUNICIPIO",250610,157,0,153,1,24,52,36,29,10,5,0,0,156,21,25,30,25.69,6.3,0,30,67,50,3,6,5,0,0,149,0,109,47,29,128,153,4,0,1,3,13,135,4,17,135,4,38,39,40,38.5,2.39,0,27,10,9,109,157,0,93,64,147,9,1,21,3,57,16,34,1,7,4,1,12,157,0,0,0,0,77,80,5,0,0,149,0,2995,3360,3665,3289.53,570.19,13,133,11,8,123,19,1,155,8.96,0.57,1,156
"83",2015,"MUNICIPIO",250620,28,0,28,0,1,9,7,8,1,2,0,0,28,22,27.5,30.25,27.68,6.66,1,3,6,16,0,2,6,0,0,22,0,9,17,10,18,28,0,0,0,0,3,25,0,3,25,0,37.75,39,40,38.43,1.62,0,4,0,1,22,28,0,14,14,28,0,0,8,1,8,2,6,0,0,0,0,3,28,0,0,0,0,7,21,6,0,0,22,0,3150,3510,3685,3431.79,454.88,0,25,3,0,22,6,0,28,9.54,0.51,0,28
"84",2015,"MUNICIPIO",250625,149,0,143,3,21,33,39,31,15,7,0,0,146,22,26,31,26.97,6.78,3,28,50,56,4,8,7,0,0,138,0,92,56,35,114,147,2,0,0,0,15,126,8,15,126,8,38,39,40,38.88,1.98,0,28,5,10,101,149,0,64,85,135,13,0,25,2,54,6,33,4,9,2,0,13,148,1,0,0,0,80,69,7,0,0,138,0,3065,3370,3670,3358.3,488.47,8,129,12,10,114,21,0,149,9,0.43,1,147
"85",2015,"MUNICIPIO",250630,903,0,137,7,161,237,227,165,90,15,1,0,896,21,26,31,25.99,6.5,3,70,270,336,39,82,60,2,0,89,1,175,633,375,528,884,15,0,5,8,66,776,47,79,776,47,38,39,40,38.91,2.16,5,188,48,62,546,138,765,293,610,862,30,1,254,74,175,42,238,9,14,15,1,69,902,1,0,0,0,450,453,60,2,0,89,1,2987.5,3300,3630,3281.9,572.79,58,780,65,59,679,129,6,894,9.62,0.79,8,297
"86",2015,"MUNICIPIO",250640,226,0,161,4,47,63,54,35,18,5,0,0,222,20,24,30,25.27,6.61,3,45,85,76,4,8,16,9,0,169,0,34,185,101,125,213,10,0,2,3,35,161,10,40,161,10,37.5,39,40,38.36,2.83,0,40,17,27,100,226,0,107,117,215,6,1,49,19,47,5,37,4,2,9,1,32,225,0,0,1,0,115,111,16,9,0,169,0,2897.5,3305,3625,3215.16,648.99,25,183,18,12,148,34,2,216,9.41,0.98,3,213
"87",2015,"MUNICIPIO",250650,54,0,54,0,6,13,19,5,7,4,0,0,54,22.25,27,31,27.67,6.74,0,5,17,25,1,6,4,0,0,50,0,29,24,22,32,54,0,0,0,0,5,48,1,5,48,1,38,39,40,38.85,1.98,0,8,1,2,42,54,0,29,25,52,0,0,18,0,18,0,11,0,0,0,0,5,54,0,0,0,0,27,27,4,0,0,50,0,3073.75,3472.5,3748.75,3379.26,526.9,4,42,8,3,40,10,0,54,9.04,0.43,0,54
"88",2015,"MUNICIPIO",250660,67,0,53,0,14,16,22,9,5,1,0,0,67,21,25,29,25.82,6.19,1,2,18,35,0,0,6,0,0,59,0,21,45,27,40,63,4,0,0,0,5,55,5,5,55,5,38,39,40,39.18,1.96,0,3,5,6,33,67,0,37,30,64,2,0,23,0,15,0,16,0,2,4,0,4,67,0,0,0,0,35,32,6,0,0,59,0,3000,3350,3650,3340.52,472.38,3,59,5,0,50,7,0,67,8.96,0.75,0,67
"89",2015,"MUNICIPIO",250670,140,0,103,1,38,37,31,20,11,2,0,0,139,19,24,29,24.69,6.67,0,14,43,50,1,3,7,0,0,129,0,40,96,61,79,138,2,0,0,0,8,125,6,8,125,6,38,39,40,38.97,1.65,0,8,11,22,85,136,4,92,48,133,7,0,56,0,44,0,22,1,6,2,0,8,138,1,0,1,0,68,72,7,0,0,129,0,2911.25,3207.5,3446.25,3185.23,512.86,10,124,6,13,114,10,7,128,9.16,1.3,0,137
"90",2015,"MUNICIPIO",250680,249,0,239,4,57,63,61,38,19,6,1,0,245,20,25,30,25.28,7.01,3,41,100,91,2,11,6,2,0,236,0,178,70,58,191,243,6,0,1,1,22,199,23,24,199,23,38,39,40,38.92,2.18,0,33,11,19,175,249,0,130,119,231,17,0,46,1,75,16,63,4,11,6,0,23,248,1,0,0,0,132,117,6,2,0,236,0,2970,3380,3695,3313.86,632.49,17,202,30,13,180,41,6,243,8.83,0.88,1,248
"91",2015,"MUNICIPIO",250690,381,0,266,2,99,95,99,54,24,8,0,0,379,19,24,29,24.62,6.45,2,30,138,152,17,20,54,15,0,258,0,67,289,192,189,362,12,0,3,2,31,311,10,36,311,10,38,39,40,38.69,2.12,1,93,52,44,109,145,236,149,227,354,8,1,130,25,64,16,59,5,2,12,1,28,378,0,2,1,0,189,191,54,15,0,258,0,2980,3300,3600,3270.69,546.3,25,322,34,20,270,48,7,368,9.39,0.85,3,373
"92",2015,"MUNICIPIO",250700,358,0,291,0,68,90,106,63,25,6,0,0,358,21,26,30,25.7,6.14,3,18,107,162,11,23,44,7,0,292,0,108,240,167,191,353,4,0,1,3,30,303,14,34,300,14,38,39,40,38.71,2.12,0,36,22,36,127,83,275,106,251,345,8,1,132,12,66,6,91,4,3,4,1,29,345,13,0,0,0,195,163,44,7,0,295,0,3250,3596,3850,3505.6,633.28,18,275,65,7,231,101,7,344,8.94,0.82,2,355
"93",2015,"MUNICIPIO",250710,221,0,96,2,41,58,51,42,20,6,1,0,219,20,25,31,25.91,6.89,2,29,49,54,5,8,20,2,0,101,1,34,127,86,135,211,8,0,0,0,19,143,14,19,143,14,38,39,40,38.88,2.07,0,46,21,31,73,199,22,127,89,189,8,1,42,11,42,9,33,4,4,8,1,18,202,19,0,0,0,112,109,20,2,0,111,1,2975,3300,3630,3276.66,554.93,19,182,20,14,122,30,3,209,9.54,0.89,3,187
"94",2015,"MUNICIPIO",250720,175,0,167,1,40,54,39,26,10,5,0,0,174,20,24,29,24.93,6.38,1,28,63,74,2,4,1,0,0,171,0,126,43,45,130,175,0,0,1,3,13,149,7,17,149,7,38,39,40,38.66,2.32,0,33,10,17,104,175,0,91,84,161,12,0,36,1,54,9,43,0,12,0,0,17,175,0,0,0,0,102,73,1,0,0,171,0,3090,3420,3717.5,3387.49,488.08,7,154,14,7,136,30,0,174,8.98,0.45,0,175
"95",2015,"MUNICIPIO",250730,215,0,107,3,36,59,51,42,21,3,0,0,212,21,26,30,25.95,6.4,2,24,50,54,3,18,27,1,0,97,0,30,120,67,148,212,0,0,0,2,21,163,8,23,163,8,38,39,40,38.82,2.16,0,34,21,12,108,215,0,129,86,203,4,1,44,8,61,9,37,1,3,0,1,23,190,25,0,0,0,96,119,27,1,0,97,0,3002.5,3315,3667.5,3335.11,531.16,12,177,26,10,147,33,2,212,9.6,0.76,1,185
"96",2015,"MUNICIPIO",250740,87,0,77,1,20,30,11,15,9,1,0,0,86,20,23,30,24.97,6.8,0,10,36,28,0,10,12,0,0,72,0,60,25,45,42,87,0,0,0,0,9,74,1,9,74,1,38,39,39,38.43,1.7,0,21,8,12,42,87,0,6,81,86,1,0,32,6,10,1,25,0,1,0,0,9,87,0,0,0,0,40,47,12,0,0,72,0,3030,3240,3590,3308.05,444.28,4,79,4,4,67,12,1,85,9.76,0.83,1,85
"97",2015,"MUNICIPIO",250750,12299,0,11794,101,1749,2811,3180,2825,1319,292,20,2,12196,22,27,32,26.93,6.52,33,536,2784,5569,997,2333,2907,212,64,8967,24,2492,9621,5153,7146,12022,264,3,54,124,1155,10526,357,1336,10526,357,38,39,40,38.54,2.19,77,2079,1228,1033,7091,88,12211,4963,7335,11608,548,38,2635,1671,2231,934,2809,210,268,262,38,1060,12266,4,18,11,0,6341,5958,2907,212,64,8967,24,2950,3270,3580,3240.59,563.38,925,10593,781,751,9586,1521,132,12137,9.6,0.8,160,12024
"98",2015,"MUNICIPIO",250760,120,0,118,3,37,24,25,16,13,2,0,0,117,19,24,30,24.69,7.11,4,21,44,48,1,2,2,1,0,116,0,85,35,34,86,118,2,0,0,2,7,105,6,9,105,6,38,39,40,38.93,1.85,0,30,7,10,68,120,0,62,58,112,8,0,31,2,40,8,22,0,8,2,0,7,120,0,0,0,0,58,62,2,1,0,116,0,3028.75,3340,3670,3316.31,538.49,7,102,11,8,88,22,2,118,8.84,0.89,1,118
"99",2015,"MUNICIPIO",250770,315,0,301,1,58,85,87,56,18,10,0,0,314,21,26,30,25.78,6.33,5,36,142,96,11,18,16,2,0,290,0,191,116,91,224,305,10,0,1,5,30,255,22,36,255,22,38,39,40,38.75,2.22,0,56,15,24,209,284,31,199,116,303,7,0,73,5,119,10,58,2,3,10,0,29,314,0,1,0,0,164,151,17,2,0,290,0,2920,3250,3535,3213.03,586.09,26,269,20,25,237,36,1,313,9.04,0.53,2,309
"100",2015,"MUNICIPIO",250780,86,0,72,1,16,33,17,12,6,1,0,0,85,20,23,29,24.74,6.23,0,5,18,45,1,6,11,0,0,73,0,45,38,27,59,86,0,0,1,0,6,74,5,7,74,5,38,39,40,39.03,2.4,0,16,4,7,59,86,0,45,41,83,3,0,19,6,30,4,17,0,3,0,0,7,86,0,0,0,0,40,46,11,0,0,73,0,3030,3430,3715,3361.86,557.72,2,76,8,6,64,15,1,85,9.15,1.06,1,85
"101",2015,"MUNICIPIO",250790,205,0,147,2,39,56,51,37,18,2,0,0,203,20,25,31,25.56,6.33,4,32,67,76,4,11,20,8,1,145,1,28,164,73,132,202,2,0,1,0,19,164,4,20,164,4,38,39,40,38.79,2.07,0,42,6,10,108,205,0,112,93,196,5,1,45,14,55,15,30,2,3,2,1,18,205,0,0,0,0,94,111,20,8,1,145,1,3060,3330,3620,3341.74,524.84,9,174,22,6,146,32,2,196,9.37,0.73,1,197
"102",2015,"MUNICIPIO",250800,143,0,116,1,32,37,28,29,14,2,0,0,142,20,25,30,25.62,6.55,1,23,53,36,5,4,28,2,0,111,0,34,107,56,87,139,4,0,0,0,12,122,5,12,122,5,38,39,39.5,38.75,1.83,0,15,5,14,98,131,12,66,77,124,5,1,43,1,33,6,26,3,2,4,1,10,142,0,1,0,0,73,70,28,2,0,111,0,2895,3250,3475,3154.65,519.33,15,126,2,16,107,12,0,143,9.38,0.74,1,142
"103",2015,"MUNICIPIO",250810,58,0,49,0,11,15,12,12,8,0,0,0,58,20.25,26,31,26.26,6.48,0,7,16,27,0,6,12,0,0,43,0,27,29,16,42,58,0,0,0,1,3,52,0,4,52,0,38,39,39,38.5,1.82,0,7,1,2,45,58,0,11,47,55,1,0,13,2,9,0,26,0,1,0,0,3,58,0,0,0,0,34,24,12,0,0,43,0,2871.25,3315,3612.5,3256.74,463.77,3,52,3,5,45,6,0,58,9.59,0.53,0,54
"104",2015,"MUNICIPIO",250820,127,0,33,3,22,34,26,19,19,4,0,0,124,20,25,31,26.09,7.33,2,16,43,35,1,12,5,0,0,29,0,22,93,45,82,127,0,0,0,0,10,104,13,10,102,13,38,39,40,39.26,1.84,0,36,3,8,69,125,2,57,70,122,2,0,35,8,32,9,28,0,2,0,0,10,125,0,0,2,0,60,67,5,0,0,31,0,3000,3265,3557.5,3281.48,470.86,6,113,8,10,96,17,2,124,9.54,0.91,1,53
"105",2015,"MUNICIPIO",250830,426,0,413,4,84,110,87,94,30,16,1,0,422,21,25,31,26.04,6.81,1,61,135,187,12,27,12,1,0,404,0,241,182,105,321,415,11,0,0,4,35,370,17,39,370,17,38,39,40,38.78,1.91,0,69,16,23,310,426,0,221,205,384,38,0,77,6,135,34,92,3,33,11,0,31,425,1,0,0,0,198,228,12,1,0,404,0,2950,3312.5,3645,3295.54,531.63,21,371,34,23,322,66,2,424,8.99,0.6,0,423
"106",2015,"MUNICIPIO",250840,48,0,39,1,6,15,13,9,3,1,0,0,47,21.75,25,30,25.81,5.97,1,4,16,26,0,0,14,1,3,27,0,22,24,17,31,48,0,0,0,1,4,42,1,5,42,1,38,39,39,38.12,2.01,0,12,0,4,23,48,0,12,36,47,1,0,14,0,13,5,10,0,1,0,0,5,48,0,0,0,0,27,21,14,1,3,27,0,3026.5,3370,3600,3310.19,484.63,4,41,3,1,40,6,1,46,9.04,0.72,0,47
"107",2015,"MUNICIPIO",250850,92,0,72,0,26,21,17,21,5,1,1,0,92,19,24,30,24.85,6.62,1,9,25,29,0,9,5,0,0,78,0,42,47,35,57,92,0,0,1,0,6,82,3,6,80,3,38,39,40,38.83,1.64,0,5,4,4,67,91,1,58,34,80,3,0,29,2,24,2,18,0,3,0,0,5,90,1,0,1,0,49,43,7,0,0,85,0,3122.5,3340,3695,0,0,4,79,8,4,71,14,2,89,9.18,1.07,0,92
"108",2015,"MUNICIPIO",250855,68,0,8,2,13,18,18,12,4,1,0,0,66,20.75,25,29.5,25.49,6.43,0,7,13,29,2,5,0,0,0,8,0,14,44,29,39,67,0,0,0,0,9,58,1,9,58,1,38,39,40,38.59,1.6,0,8,4,5,47,68,0,18,50,66,1,0,18,7,16,0,17,1,0,0,0,8,68,0,0,0,0,38,30,0,0,0,8,0,2867.5,3215,3600,3245,626.58,6,55,7,6,49,12,1,64,9.52,0.9,0,15
"109",2015,"MUNICIPIO",250860,203,0,195,3,51,59,42,30,15,3,0,0,200,19,23,29,24.53,6.49,1,12,84,92,4,8,4,2,0,195,0,77,126,80,123,201,2,0,1,0,15,170,14,16,170,14,38,39,40,39.05,1.94,1,59,22,24,81,200,3,120,83,199,2,0,63,10,66,11,31,1,1,2,0,14,201,1,0,1,0,110,93,4,2,0,196,0,3012.5,3258,3595.5,3299.67,462.26,6,186,11,11,162,20,0,201,9.48,0.58,2,201
"110",2015,"MUNICIPIO",250870,52,0,39,1,12,16,13,5,4,1,0,0,51,19.75,24,27.25,24.19,6.27,0,2,20,17,0,1,2,0,0,49,0,20,30,18,34,52,0,0,0,2,3,44,3,5,44,3,38,39,40,38.83,2.43,0,1,3,9,38,52,0,32,20,51,1,0,14,1,25,0,6,0,1,0,0,5,52,0,0,0,0,29,23,2,0,0,49,0,3053.75,3290,3552.5,3228.17,444.57,3,49,0,1,47,3,1,51,9.48,1.06,0,51
"111",2015,"MUNICIPIO",250880,77,0,54,1,13,24,19,11,6,3,0,0,76,20,25,30,25.49,6.9,0,6,19,31,0,2,5,0,0,71,0,19,58,32,45,77,0,0,0,0,5,69,1,5,69,1,38,39,40,39.08,1.67,0,2,5,13,52,76,1,38,39,75,2,0,28,1,23,0,16,0,2,0,0,5,76,0,1,0,0,28,49,5,0,0,71,0,3080,3290,3590,3229.99,605.32,8,66,3,8,58,9,2,72,9.19,0.95,0,76
"112",2015,"MUNICIPIO",250890,794,0,415,15,174,231,171,141,47,14,1,0,779,20,24,30,24.88,6.56,9,68,209,209,28,22,63,7,0,414,2,102,443,303,491,781,6,0,2,5,63,609,31,70,609,31,38,39,40,38.94,2.14,0,171,66,94,337,319,475,475,307,738,20,1,181,42,198,45,127,8,11,6,1,64,715,78,1,0,0,392,402,63,7,0,416,2,3010,3320,3668.75,3320.44,562.57,51,667,76,43,540,109,11,775,9.63,0.78,3,720
"113",2015,"MUNICIPIO",250900,161,0,131,4,40,45,36,26,7,1,2,0,157,19,24,29,24.54,6.41,1,24,63,53,2,5,19,3,0,126,0,59,100,64,97,161,0,0,0,0,12,139,10,12,139,10,38,39,40,38.98,1.75,0,22,11,22,88,161,0,76,85,135,7,1,46,5,44,5,26,1,6,0,1,9,159,0,1,1,0,81,80,19,3,0,126,0,2880,3235,3500,3212.75,489.05,11,142,8,17,127,16,3,156,9.19,1.05,2,159
"114",2015,"MUNICIPIO",250905,162,0,89,5,39,44,42,20,8,3,1,0,157,19,24,28,24.45,6.43,2,12,40,45,7,3,6,1,0,45,56,19,91,41,121,161,0,0,1,2,17,118,10,20,118,10,38,39,40,38.77,2.46,1,28,11,10,85,152,10,104,58,149,7,0,24,3,55,9,28,2,5,0,0,18,140,12,10,0,0,78,84,6,1,0,45,56,2946.25,3225,3558.75,3117.19,873.08,18,133,11,15,115,15,5,152,9.46,1.46,2,149
"115",2015,"MUNICIPIO",250910,247,0,218,2,54,56,56,51,17,11,0,0,245,20,25,30.5,25.77,6.77,5,33,93,95,6,14,4,3,0,220,0,106,138,97,150,245,2,0,0,0,18,211,18,18,211,18,38,39,40,39.08,2.02,0,49,9,34,142,247,0,119,128,237,9,1,76,14,68,9,52,3,5,2,1,17,247,0,0,0,0,125,121,4,3,0,220,0,2987.5,3275,3567,3256.59,489.1,15,219,13,22,190,25,3,244,9.48,0.76,3,224
"116",2015,"MUNICIPIO",250915,94,0,89,0,16,21,30,22,3,2,0,0,94,22,26.5,30,26.14,5.85,1,10,36,36,4,5,32,2,1,57,0,29,64,26,68,89,5,0,0,1,6,82,5,7,82,5,38,39,40,38.98,2.03,0,19,5,9,53,94,0,21,73,91,2,0,17,6,19,7,31,1,0,5,0,7,94,0,0,0,0,47,47,32,2,1,57,0,2976.25,3255,3557.5,3238.99,551.06,7,81,6,6,72,8,0,94,9.19,0.63,0,94
"117",2015,"MUNICIPIO",250920,180,0,176,2,41,44,39,29,19,5,1,0,178,20,25,31,25.76,7.03,1,32,79,59,3,5,6,0,0,170,0,118,59,43,137,176,4,0,2,0,18,151,9,20,150,9,38,39,40,38.49,2.34,0,40,11,12,111,179,1,92,88,166,12,0,38,2,47,12,47,0,12,4,0,16,180,0,0,0,0,93,87,6,0,0,171,0,3035,3267.5,3605,3244.84,569.82,15,151,14,9,136,27,3,177,8.92,0.72,1,179
"118",2015,"MUNICIPIO",250930,161,0,80,2,48,42,35,19,13,1,1,0,159,19,22,29,24.25,6.6,4,20,39,39,3,1,14,1,0,76,1,25,84,58,103,155,3,0,0,0,10,126,10,10,124,10,38,39,40,39.19,1.77,0,44,10,12,68,153,8,103,57,145,4,0,34,5,51,5,23,3,1,3,0,10,145,14,2,0,0,86,75,14,1,0,78,1,3060,3340,3700,3342.76,534.98,8,136,17,8,115,15,2,159,9.55,1.19,1,142
"119",2015,"MUNICIPIO",250933,83,0,80,2,16,15,13,25,7,4,1,0,81,20.5,27,33,27.07,7.64,1,14,28,28,5,7,0,0,0,80,0,50,30,17,66,81,2,0,0,2,13,63,5,15,63,5,38,39,40,38.39,2.5,0,14,2,7,57,83,0,47,36,77,5,0,11,1,28,5,17,0,5,2,0,13,83,0,0,0,0,31,52,0,0,0,80,0,3002.5,3305,3572.5,3244.43,545.79,6,73,4,4,62,13,2,81,8.8,0.81,0,83
"120",2015,"MUNICIPIO",250937,32,0,26,1,7,8,7,7,1,1,0,0,31,19.75,24.5,30.25,25.28,6.62,0,8,13,8,0,1,1,0,0,27,0,18,12,14,18,32,0,0,0,0,5,25,2,5,25,2,38,39,40,38.78,1.77,0,9,0,2,21,32,0,6,26,30,2,0,11,1,4,0,9,1,1,0,0,5,32,0,0,0,0,16,16,1,0,0,27,0,2952.5,3165,3575,3220.09,494.54,3,27,2,2,25,3,0,32,9.62,0.83,0,31
"121",2015,"MUNICIPIO",250939,109,0,83,0,33,26,30,13,5,2,0,0,109,19,24,29,24.33,6.25,1,6,26,46,0,10,4,0,0,105,0,27,78,57,52,105,4,0,0,0,7,94,5,7,94,5,39,39,40,39.21,1.72,0,2,6,8,84,109,0,60,49,109,0,0,53,1,36,0,9,0,0,4,0,3,107,0,1,1,0,54,55,4,0,0,105,0,3075,3385,3706,3360.7,543.7,7,89,13,4,82,16,3,101,9.2,1.06,0,108
"122",2015,"MUNICIPIO",250940,224,0,174,3,39,75,56,35,10,6,0,0,221,21,24,29,24.8,6.03,3,29,77,90,6,13,15,3,0,175,0,82,139,79,145,218,4,0,1,8,22,183,5,31,183,5,38,39,40,38.53,2.56,0,38,11,24,127,223,1,99,125,201,16,1,56,4,59,8,44,0,15,4,1,24,223,0,0,1,0,117,107,15,3,0,175,0,2972.5,3285,3592.5,0,0,19,189,15,13,174,27,3,218,9.13,0.88,2,210
"123",2015,"MUNICIPIO",250950,76,0,74,3,16,16,18,15,8,0,0,0,73,21.25,25.5,30.25,25.62,6.68,0,8,33,28,3,4,3,0,0,72,0,51,25,20,56,76,0,0,0,0,1,73,2,1,73,2,38,39,39,38.84,1.32,0,5,1,1,67,76,0,40,36,69,7,0,18,1,23,4,22,1,6,0,0,1,76,0,0,0,0,40,36,3,0,0,72,0,3045,3245,3517.5,3252.89,439.27,4,69,3,4,64,7,0,76,8.92,0.45,2,73
"124",2015,"MUNICIPIO",250960,65,0,59,1,14,19,11,10,4,6,0,0,64,20,24,30,25.68,7.77,1,8,31,22,0,1,5,0,0,58,0,34,30,25,40,64,0,0,3,1,6,50,4,10,50,4,38,39,40,38.27,3.72,0,7,4,8,42,65,0,21,43,62,0,1,17,4,15,4,12,0,0,0,1,9,65,0,0,0,0,35,30,5,0,0,58,0,3000,3230,3600,3278.62,605.3,4,54,7,3,44,15,3,62,8.89,1.69,0,63
"125",2015,"MUNICIPIO",250970,497,0,457,8,116,133,106,82,49,3,0,0,489,20,24,30,24.99,6.63,3,47,131,206,22,34,19,0,0,459,0,204,280,205,292,487,10,0,4,9,39,426,18,52,426,18,38,39,40,38.5,2.49,0,129,51,47,258,96,401,150,347,464,30,0,143,23,103,18,123,12,17,10,0,44,495,2,0,0,0,248,249,19,0,0,459,0,2940,3230,3556,3198.94,594.28,42,428,27,30,386,65,5,492,9.33,0.78,4,487
"126",2015,"MUNICIPIO",250980,119,0,25,1,21,29,29,30,8,1,0,0,118,20,26,31,25.96,6.33,1,23,35,38,2,2,2,0,0,25,0,23,82,39,80,116,2,0,2,1,10,99,7,13,99,7,38,39,40,38.64,2.61,0,31,7,14,62,119,0,50,68,115,3,0,30,6,30,11,26,1,2,2,0,10,119,0,0,0,0,55,64,2,0,0,25,0,3002.5,3290,3687.5,3300.91,560.11,6,102,11,5,88,19,2,116,9.64,0.77,2,38
"127",2015,"MUNICIPIO",250990,98,0,92,0,18,19,25,25,9,2,0,0,98,22,27,32,26.68,6.44,2,22,27,33,6,7,13,1,0,81,0,61,37,26,72,95,2,0,0,1,8,86,2,9,86,2,38,39,40,38.74,1.99,0,21,9,8,56,88,10,51,46,91,4,2,18,3,43,4,15,1,2,1,2,7,96,1,1,0,0,47,50,13,1,0,81,0,2972.5,3290,3755,3361.59,627.71,7,74,17,4,67,20,0,98,9.19,0.65,2,95
"128",2015,"MUNICIPIO",251000,100,0,91,0,18,37,28,11,5,1,0,0,100,20.75,24,29,24.69,5.41,0,6,36,41,3,12,39,3,9,44,0,24,71,52,48,98,2,0,0,0,10,86,4,10,86,4,38,39,39.25,38.69,1.65,0,14,6,9,65,100,0,22,78,98,1,1,31,11,13,3,28,1,0,2,1,10,100,0,0,0,0,51,49,39,3,9,44,0,2927.5,3150,3535,3230.01,490.71,4,88,8,8,76,11,0,99,9.18,0.48,1,99
"129",2015,"MUNICIPIO",251010,146,0,142,3,34,46,24,28,9,2,0,0,143,19.25,24,30,24.56,6.45,0,20,57,58,5,3,12,0,0,132,0,81,58,55,91,142,3,0,0,4,9,118,13,13,118,13,38,39,40,39.03,2.52,0,15,8,13,102,140,6,76,69,134,9,1,41,3,42,15,20,5,2,3,1,11,146,0,0,0,0,77,69,13,0,0,132,0,3040,3287.5,3565,3262.71,514.79,6,132,8,5,113,18,0,146,9.3,0.71,2,143
"130",2015,"MUNICIPIO",251020,96,0,70,2,17,30,29,11,6,1,0,0,94,21,24,28.25,24.78,5.82,1,1,24,48,1,1,8,1,0,86,0,19,77,39,57,94,2,0,0,0,3,86,7,3,86,7,38,39,40,39.18,1.52,0,3,5,5,79,95,1,58,38,95,1,0,38,0,32,0,20,0,1,2,0,3,91,4,0,1,0,56,40,8,1,0,86,0,3026.25,3370,3650,3375.3,599.57,3,83,10,5,72,16,0,90,9.21,0.68,1,94
"131",2015,"MUNICIPIO",251030,41,0,38,0,8,10,12,10,0,1,0,0,41,20,25,30,25.1,5.59,0,3,14,21,1,2,8,0,0,30,0,27,14,20,21,39,2,0,0,1,2,36,2,3,36,2,39,39,40,39,2.32,0,5,0,1,33,41,0,21,20,41,0,0,15,3,10,2,6,0,0,2,0,3,41,0,0,0,0,21,20,8,0,0,30,0,2940,3150,3330,3099.15,492.53,3,38,0,5,32,1,1,40,9.24,0.86,1,40
"132",2015,"MUNICIPIO",251040,89,0,57,1,14,24,24,14,9,3,0,0,88,22,26,31,26.31,6.59,0,4,21,32,1,3,8,0,0,81,0,13,74,35,54,86,3,0,1,1,8,75,2,10,75,2,38,39,40,38.67,2.48,0,4,6,14,56,89,0,37,52,87,2,0,28,0,29,0,16,2,0,3,0,9,87,2,0,0,0,42,47,8,0,0,81,0,2955,3240,3670,3213.54,655.91,11,70,8,7,63,14,4,79,9.19,0.98,0,89
"133",2015,"MUNICIPIO",251050,48,0,48,0,6,10,18,8,5,1,0,0,48,23,27,30,27.04,5.81,0,4,15,25,2,1,0,0,0,48,0,33,15,9,39,46,2,0,0,1,5,39,3,6,39,3,37.75,39,40,38.62,2.28,0,4,1,2,39,48,0,19,29,42,5,0,6,0,12,2,17,1,2,2,0,5,48,0,0,0,0,25,23,0,0,0,48,0,3067.5,3315,3546.25,3266.77,534.96,4,42,2,2,36,7,0,48,8.94,0.52,1,47
"134",2015,"MUNICIPIO",251060,39,0,36,1,7,15,9,3,3,1,0,0,38,20.5,24,26.5,24.51,6.66,1,4,7,22,1,1,5,0,0,33,0,14,25,17,22,38,0,1,0,1,2,35,0,4,35,0,37.5,39,39,37.9,3.35,0,7,2,4,26,39,0,12,27,38,1,0,6,9,4,2,12,0,1,0,0,4,39,0,0,0,0,23,16,5,0,0,33,0,2942,3100,3380,3084.74,606.12,4,33,2,4,30,3,1,38,9.49,0.88,0,39
"135",2015,"MUNICIPIO",251065,18,0,17,0,1,3,9,3,1,1,0,0,18,25.5,28.5,29.75,28.11,5.89,0,2,4,12,0,0,1,0,0,16,0,6,12,6,12,18,0,0,0,0,0,16,2,0,16,2,38,39,40,39.33,1.53,0,4,0,0,14,18,0,9,9,16,2,0,6,0,5,0,5,0,2,0,0,0,18,0,0,0,0,8,10,1,0,0,16,0,3276.25,3427.5,3553.75,3414.44,363.62,0,16,2,1,14,2,0,18,8.94,0.54,0,18
"136",2015,"MUNICIPIO",251070,32,0,25,0,4,6,14,6,2,0,0,0,32,24,26.5,29.5,26.5,5,0,0,8,15,2,1,0,0,0,32,0,13,19,12,20,30,2,0,0,0,2,29,1,2,29,1,37,39,40,38.75,1.67,0,1,3,5,21,32,0,20,12,31,1,0,11,0,13,0,3,0,1,2,0,2,32,0,0,0,0,15,17,0,0,0,32,0,2985,3280,3577.5,3278.12,473.81,1,29,2,2,23,5,1,29,9.13,1.07,0,32
"137",2015,"MUNICIPIO",251080,1590,0,1163,9,276,394,416,301,162,32,0,0,1581,21,26,31,26.18,6.49,3,62,304,595,67,159,92,1,0,1481,1,419,1136,659,931,1552,37,1,6,7,106,1404,51,120,1395,51,38,39,40,38.79,1.98,2,17,133,181,1084,64,1526,674,916,1554,24,0,541,39,476,7,337,11,11,37,0,108,1585,2,1,2,0,801,787,92,1,0,1492,1,2975.5,3300,3588.75,3255.64,559.6,119,1368,103,98,1248,182,22,1528,9.31,0.94,4,1571
"138",2015,"MUNICIPIO",251090,136,0,130,1,17,41,36,24,10,7,0,0,135,21.75,26,30.25,26.56,6.48,5,21,35,61,3,9,36,5,0,94,0,75,57,61,75,134,2,0,0,0,17,114,3,17,113,3,38,39,40,38.79,1.78,0,9,9,6,109,135,1,32,104,130,4,0,50,2,24,0,34,0,4,2,0,16,136,0,0,0,0,71,65,36,5,0,95,0,3137.5,3370,3800,3402.47,471.67,5,118,13,0,107,24,0,135,9.74,0.55,1,134
"139",2015,"MUNICIPIO",251100,58,0,46,0,15,15,14,9,5,0,0,0,58,19.25,24,28,24.93,6.03,0,10,14,25,1,4,8,0,0,45,0,12,45,28,30,55,2,0,0,0,6,49,1,6,49,1,39,39,40,39.2,1.59,0,4,0,7,30,58,0,10,48,55,2,0,23,2,7,0,15,1,1,2,0,4,53,5,0,0,0,29,29,8,0,0,45,0,3150,3550,3987.5,3458.45,704.78,5,38,15,2,35,16,0,55,9.11,0.42,1,57
"140",2015,"MUNICIPIO",251110,85,0,81,0,10,20,30,17,5,3,0,0,85,22,27,30,26.69,6.15,0,8,36,33,3,5,12,0,0,73,0,44,40,27,58,83,2,0,0,0,9,69,6,9,69,6,38,39,40,38.79,1.98,0,24,0,2,59,68,17,44,40,74,9,0,21,3,24,11,7,2,5,2,0,7,83,0,1,1,0,36,49,12,0,0,73,0,2990,3245,3685,3311.12,532.14,5,71,9,4,58,17,1,84,9.25,0.89,0,85
"141",2015,"MUNICIPIO",251120,482,0,460,6,109,129,110,82,41,4,1,0,476,20,24,30,25.01,6.56,2,62,168,204,19,25,43,9,0,421,0,103,373,187,295,470,11,0,3,3,39,415,15,45,415,15,38,39,40,38.78,2.22,2,103,30,28,299,415,67,283,199,460,16,1,126,35,136,33,75,6,8,11,1,39,480,0,0,2,0,241,241,43,9,0,421,0,2976.25,3315,3614,3275.52,570.02,30,416,36,28,371,61,6,476,9.51,0.97,9,473
"142",2015,"MUNICIPIO",251130,208,0,177,4,44,53,41,42,21,3,0,0,204,20,25,30.25,25.39,6.73,3,24,65,87,7,9,55,5,1,147,0,50,151,69,139,208,0,0,0,2,16,183,5,18,183,5,38,39,40,38.59,1.82,0,36,13,17,125,61,147,74,133,206,0,1,54,10,49,6,67,0,0,0,1,18,194,14,0,0,0,104,104,55,5,1,147,0,3150,3422.5,3700,3413.92,501.51,7,178,23,6,157,43,4,188,9.15,1.02,3,205
"143",2015,"MUNICIPIO",251140,272,0,259,2,60,68,74,43,20,5,0,0,270,20,25,29.25,25.26,6.29,2,20,91,138,9,11,43,0,0,218,1,144,121,110,162,266,6,0,0,2,24,236,9,26,236,9,38,39,40,38.7,1.88,0,33,5,10,220,64,208,106,165,256,13,2,81,14,71,13,57,4,5,6,2,17,271,0,1,0,0,135,137,43,0,0,218,1,2953.75,3300,3585,3261.78,514.98,18,240,14,18,213,31,2,270,9.54,0.77,2,270
"144",2015,"MUNICIPIO",251150,171,0,140,3,39,37,41,35,14,2,0,0,168,20,26,30.5,25.44,6.73,2,21,75,63,7,1,9,2,0,142,0,45,123,58,113,168,2,0,1,3,23,131,10,27,131,10,38,39,40,38.54,2.64,0,42,13,11,83,168,3,101,69,160,8,0,35,9,48,9,34,1,5,2,0,23,168,0,3,0,0,91,80,9,2,0,142,0,2909.5,3277.5,3617.5,0,0,21,133,16,15,124,25,2,165,9.34,0.83,1,167
"145",2015,"MUNICIPIO",251160,153,0,17,4,24,43,36,36,9,1,0,0,149,21,25,30,25.49,6.15,0,31,56,38,2,5,2,1,0,18,0,29,107,42,111,152,0,0,2,1,13,125,12,16,125,12,38,39,40,38.89,2.54,0,51,7,5,84,151,2,86,67,146,5,1,30,6,52,6,38,2,3,0,1,13,150,1,0,2,0,69,84,2,1,0,18,0,3000,3355,3685,3335,662.88,9,127,17,9,114,26,1,149,9.66,0.93,1,48
"146",2015,"MUNICIPIO",251170,76,0,5,0,16,11,24,15,6,4,0,0,76,21.75,27,31,26.87,7.14,0,13,23,18,1,3,1,0,0,4,1,14,47,30,46,76,0,0,0,0,10,62,4,10,62,4,38,39,40,38.8,1.98,0,14,3,2,57,76,0,36,40,75,0,0,23,3,22,6,11,0,0,0,0,10,76,0,0,0,0,39,37,1,0,0,4,1,2906.75,3285,3610,3267.78,510.27,4,65,7,5,57,12,0,75,9.65,0.71,0,23
"147",2015,"MUNICIPIO",251180,138,0,18,2,32,32,34,23,14,1,0,0,136,20,25,30,25.36,6.83,2,12,44,58,5,3,7,0,0,13,0,26,97,74,64,134,2,0,0,0,11,120,6,11,120,6,38,39,40,39.09,1.76,0,37,9,11,75,137,1,70,68,130,5,0,49,13,27,9,19,3,2,2,0,9,137,0,1,0,0,83,55,7,0,0,13,0,2950,3265,3564.75,3227.25,572.18,11,119,8,11,106,13,3,134,9.48,1.2,1,44
"148",2015,"MUNICIPIO",251190,293,0,287,0,69,75,76,46,23,4,0,0,293,20,25,29,25.18,6.3,3,32,125,114,8,11,31,8,0,251,1,65,227,94,199,287,6,0,0,3,18,260,8,21,260,8,39,39,40,39.06,1.98,1,89,22,25,145,292,1,184,109,287,5,0,54,32,92,33,45,1,4,6,0,21,292,0,1,0,0,162,131,31,8,0,251,1,3025,3390,3705,3348.13,515.22,12,259,22,13,228,42,3,290,9.44,0.94,5,285
"149",2015,"MUNICIPIO",251200,308,0,301,6,58,73,69,63,25,14,0,0,302,20,25,32,26.17,7.07,2,45,127,120,8,4,12,1,0,293,0,191,111,73,235,302,5,0,0,4,31,260,12,35,260,12,38,39,40,38.74,2.14,1,43,20,17,218,303,5,174,134,291,13,0,58,1,128,7,62,2,11,5,0,28,307,0,0,1,0,178,130,12,1,0,293,0,2988.75,3337.5,3600,3263.5,582.11,25,260,23,15,242,39,5,302,8.93,0.72,2,304
"150",2015,"MUNICIPIO",251203,78,0,71,0,8,29,17,19,5,0,0,0,78,22,25,30,25.78,5.52,5,8,19,32,2,8,20,0,0,58,0,37,40,36,42,78,0,0,1,2,8,59,8,11,59,8,38,39,40,38.71,2.79,0,7,5,6,57,77,1,30,48,75,3,0,24,6,18,2,14,1,2,0,0,11,77,0,1,0,0,32,46,20,0,0,58,0,2860,3175,3393.75,3085.37,607.47,8,68,2,9,62,5,2,76,8.92,1.03,1,77
"151",2015,"MUNICIPIO",251207,42,0,38,0,9,11,13,4,5,0,0,0,42,21,25,29,25.33,6.26,0,3,8,21,5,4,8,0,0,33,0,26,16,21,21,42,0,0,0,0,5,34,2,5,34,2,38,39,40,38.78,1.86,0,3,4,4,29,42,0,13,29,40,2,0,16,1,7,0,11,1,1,0,0,4,42,0,0,0,0,17,25,8,0,0,33,0,3041.25,3342.5,3740,3376.55,489.96,1,36,5,1,30,9,0,42,9.05,0.58,0,41
"152",2015,"MUNICIPIO",251210,460,0,451,5,88,112,110,88,44,13,0,0,455,20,26,31,26.17,6.71,5,35,142,206,25,39,89,14,0,356,1,225,231,200,260,453,7,0,1,3,54,387,15,58,387,15,38,39,39,38.35,1.86,1,35,16,18,388,79,381,66,394,447,11,0,167,5,57,2,158,2,7,7,0,53,460,0,0,0,0,216,244,89,14,0,356,1,3028.75,3300,3590,3296.27,501.57,23,411,26,16,362,74,4,455,9.65,0.7,2,457
"153",2015,"MUNICIPIO",251220,58,0,54,0,7,12,15,16,5,2,1,0,58,22,28,31,27.84,6.68,1,11,15,15,5,6,2,0,0,53,1,22,34,15,43,58,0,0,0,0,3,53,2,3,53,2,38,39,40,38.91,1.35,0,10,3,6,38,58,0,18,40,54,4,0,10,4,16,3,18,0,4,0,0,3,58,0,0,0,0,24,34,2,0,0,53,1,2942,3184,3415,3219.97,470.39,2,52,4,3,49,6,1,57,9.28,1.36,0,58
"154",2015,"MUNICIPIO",251230,259,0,219,1,53,66,59,53,23,4,0,0,258,20,25,31,25.75,6.55,1,22,91,106,6,13,49,0,1,199,0,66,181,106,153,250,8,0,0,4,28,213,12,32,212,12,38,39,40,38.65,2.16,0,45,12,19,151,100,159,95,164,204,9,4,58,8,48,5,51,4,5,8,4,25,258,0,0,1,0,145,114,50,0,1,199,0,2867.5,3250,3500,3192.37,532.62,19,228,12,18,201,22,3,254,9.28,0.9,0,256
"155",2015,"MUNICIPIO",251240,162,0,159,1,28,45,45,20,17,6,0,0,161,21,25,30,25.85,6.68,1,21,70,61,3,6,5,0,0,157,0,101,59,36,126,161,0,0,0,1,15,139,7,16,139,7,38,39,40,38.78,2.04,0,17,4,15,119,162,0,94,68,154,8,0,31,1,52,14,39,0,8,0,0,16,161,1,0,0,0,82,80,5,0,0,157,0,3050,3377.5,3630,3289.43,580.71,11,140,11,13,120,25,3,158,8.94,0.5,0,161
"156",2015,"MUNICIPIO",251250,733,0,693,8,141,191,191,130,48,24,0,0,725,20,25,30,25.57,6.5,3,79,249,330,31,37,35,1,0,664,0,358,357,156,577,726,6,0,0,3,63,639,22,66,639,22,38,39,40,38.69,1.78,2,112,45,48,505,599,134,343,390,667,59,1,118,18,215,43,207,1,56,6,1,56,730,2,0,1,0,378,354,35,1,0,664,0,3020,3305,3590,3290.78,525.04,44,643,46,32,587,96,9,707,8.94,0.61,7,725
"157",2015,"MUNICIPIO",251260,36,0,24,1,6,8,8,9,3,1,0,0,35,20.75,28,31,26.19,6.78,0,2,8,12,0,1,1,0,0,35,0,4,31,17,19,34,2,0,0,0,3,33,0,3,33,0,38,39,40,38.86,1.71,0,1,2,3,28,36,0,23,13,33,3,0,16,0,14,0,2,1,0,2,0,1,36,0,0,0,0,17,19,1,0,0,35,0,2997.5,3337.5,3672.5,3231.83,783.13,4,28,4,2,28,4,2,33,8.89,1.3,0,35
"158",2015,"MUNICIPIO",251270,268,0,251,3,46,77,67,39,25,10,1,0,265,21,25,31,25.96,6.83,2,48,95,86,13,17,7,1,0,248,0,167,97,73,195,262,6,0,0,1,22,229,16,23,227,15,38,39,40,38.86,1.95,0,55,30,25,145,258,10,166,102,250,13,0,64,2,102,18,41,4,6,6,0,20,262,4,2,0,0,134,134,7,1,0,251,0,2967.5,3270,3591.25,3247.82,564.67,22,223,23,17,205,33,1,267,8.99,0.47,3,264
"159",2015,"MUNICIPIO",251272,61,0,34,2,16,13,13,12,5,0,0,0,59,19,24,30,24.62,6.89,2,6,16,11,0,1,10,0,0,32,0,10,33,29,32,61,0,0,0,0,7,42,4,7,42,4,38,39,40,38.81,2.18,0,13,6,2,27,61,0,43,18,59,1,0,15,4,15,6,4,0,1,0,0,7,56,4,1,0,0,27,34,10,0,0,32,0,2870,3180,3720,3239.84,707.82,7,48,6,4,39,8,2,57,9.37,1.07,1,54
"160",2015,"MUNICIPIO",251274,61,0,15,0,10,20,15,11,4,1,0,0,61,20,25,30,25.43,5.97,0,8,16,30,1,2,0,0,0,16,0,9,48,25,36,61,0,0,0,0,0,60,1,0,60,1,39,40,40,39.46,1.06,0,11,0,3,42,61,0,23,38,57,3,0,18,7,14,6,12,0,3,0,0,0,61,0,0,0,0,29,32,0,0,0,16,0,2945,3315,3550,3270.57,458.36,5,54,2,8,47,6,0,61,9.66,0.73,2,25
"161",2015,"MUNICIPIO",251275,77,0,76,1,14,19,17,14,10,2,0,0,76,21,25,31,26.3,6.79,0,13,27,27,4,6,0,0,0,76,0,43,34,22,55,75,2,0,0,0,6,67,4,6,67,4,38,39,40,38.9,1.73,0,10,2,6,56,77,0,34,43,72,5,0,16,1,28,4,18,2,3,2,0,3,77,0,0,0,0,39,38,0,0,0,76,0,2990,3360,3550,3282.99,475.24,4,68,5,4,62,6,0,77,9,0.54,1,76
"162",2015,"MUNICIPIO",251276,69,0,56,1,16,18,15,12,7,0,0,0,68,20,24,30,24.84,6.54,2,17,24,23,1,1,4,0,0,59,0,23,44,34,35,64,4,0,0,1,5,60,1,6,60,1,38,39,40,38.7,2.13,0,19,5,7,33,68,1,44,25,66,2,0,18,8,14,2,13,1,0,4,0,6,68,0,1,0,0,33,36,4,0,0,59,0,3000,3185,3674,3310.06,453.44,1,63,5,2,53,7,0,67,9.52,0.77,0,60
"163",2015,"MUNICIPIO",251278,41,0,38,2,10,15,8,4,2,0,0,0,39,19,23,27,23.27,5.4,0,5,20,15,1,0,0,0,0,39,0,27,13,11,30,39,2,0,0,0,3,37,1,3,37,1,38,39,40,38.63,1.65,0,5,5,1,28,41,0,20,21,37,3,0,7,2,17,2,5,0,3,2,0,2,41,0,0,0,0,18,23,0,0,0,39,0,3090,3340,3520,3260.37,466.36,3,37,1,3,33,3,0,41,8.98,0.42,0,41
"164",2015,"MUNICIPIO",251280,130,0,109,0,26,32,35,27,8,2,0,0,130,20.25,25.5,30,25.53,6.06,1,22,51,41,3,6,19,1,0,100,0,68,55,60,70,127,3,0,0,0,15,111,0,15,111,0,38,38,39,38.22,1.49,0,14,9,19,81,129,1,17,113,128,1,0,45,8,12,3,41,0,1,3,0,13,128,1,1,0,0,60,70,20,1,0,100,0,2911.25,3200,3461.25,3161.64,595.36,7,115,8,9,101,13,0,130,9.69,0.66,2,122
"165",2015,"MUNICIPIO",251290,323,0,193,8,75,93,76,43,21,7,0,0,315,19,23,29,24.43,6.55,1,26,81,92,11,14,29,3,0,167,16,43,192,147,176,310,10,0,0,2,35,241,22,37,241,22,38,39,40,38.81,2.18,0,66,34,33,143,323,0,174,142,288,12,0,73,31,69,8,49,5,6,10,0,30,300,23,0,0,0,156,167,29,3,0,167,16,2907.5,3332,3647.5,3264.58,632.85,28,263,32,17,212,56,2,320,9.59,0.67,2,300
"166",2015,"MUNICIPIO",251300,45,0,31,0,14,7,12,5,6,1,0,0,45,18,25,30,25,7.76,0,5,10,16,1,0,0,0,0,41,0,29,16,21,24,41,4,0,0,1,5,37,0,6,36,0,38,39,40,38.31,2.63,0,7,3,7,22,45,0,22,23,39,2,0,16,1,10,0,4,0,2,4,0,4,44,1,0,0,0,23,22,0,0,0,44,0,2770,3260,3450,3098.22,522.05,5,40,0,3,35,0,0,44,9.32,0.56,0,44
"167",2015,"MUNICIPIO",251310,116,0,79,3,30,30,20,19,10,4,0,0,113,19,24,30,25.03,7.29,1,16,43,43,4,7,20,2,0,71,0,21,92,55,61,113,2,0,0,1,4,94,9,5,94,9,39,39,40,39.31,1.91,0,25,7,10,52,115,1,48,67,106,5,0,41,8,23,7,19,1,4,2,0,2,115,0,1,0,0,64,52,20,2,0,71,0,3000,3300,3658.75,3300.87,449.1,6,103,7,6,85,12,2,111,9.48,0.8,1,110
"168",2015,"MUNICIPIO",251315,85,0,84,0,15,28,20,15,5,2,0,0,85,20,24,30,25.54,6.04,1,18,24,39,0,3,9,0,0,75,0,50,34,30,55,85,0,0,0,2,6,72,5,8,72,5,38,39,40,38.8,2.13,0,19,5,13,47,85,0,45,40,81,4,0,25,3,25,9,12,1,3,0,0,7,85,0,0,0,0,41,44,9,0,0,75,0,2955,3315,3525,3252.33,567.22,6,72,7,4,69,10,0,85,9.05,0.46,1,84
"169",2015,"MUNICIPIO",251320,72,0,60,0,14,20,12,19,5,2,0,0,72,20,25.5,31,25.74,6.58,0,8,22,35,1,4,25,1,3,37,0,35,34,38,34,70,2,0,1,1,9,59,2,11,59,2,37.75,38,39,37.85,2.48,0,12,9,12,32,72,0,10,62,70,0,0,26,5,8,2,18,0,0,2,0,9,72,0,0,0,0,37,35,25,1,3,37,0,2877.5,3245,3555,3266.22,535.97,4,60,8,3,52,13,0,72,9.32,0.62,0,67
"170",2015,"MUNICIPIO",251330,70,0,64,0,10,13,21,16,9,0,1,0,70,22,27.5,32,27.27,6.43,0,9,25,28,2,5,17,0,0,51,0,32,37,25,45,70,0,0,1,0,6,54,7,7,54,7,38,39,40,38.96,2.69,0,10,1,5,53,70,0,26,44,66,4,0,17,2,19,5,14,3,1,0,0,7,70,0,0,0,0,31,39,17,0,0,51,0,2941.25,3230,3518.75,3234.91,600.7,5,58,7,4,52,10,2,68,8.97,1.29,0,70
"171",2015,"MUNICIPIO",251335,44,0,38,1,6,16,15,4,2,0,0,0,43,21,24,28,24.36,5.18,1,5,15,16,1,1,4,2,0,37,0,10,33,14,30,44,0,0,0,0,1,42,1,1,42,1,38,39,40,39.07,1.39,0,5,4,8,12,44,0,11,33,41,3,0,11,3,11,0,16,0,3,0,0,0,44,0,0,0,0,25,19,4,2,0,37,0,3132.5,3365,3700,3452.61,575.21,1,38,5,2,33,9,0,43,8.91,0.53,0,44
"172",2015,"MUNICIPIO",251340,233,0,179,7,40,66,56,33,23,8,0,0,226,20,25,30,25.67,6.96,0,10,51,103,6,17,41,5,0,185,0,64,164,86,147,232,1,0,1,0,18,195,14,19,195,14,38,39,40,39,2.05,0,26,14,19,161,152,81,112,121,218,11,2,58,13,61,15,49,3,7,1,2,18,231,0,1,1,0,117,116,41,5,0,186,0,2880,3315,3600,3269.73,592.23,15,194,24,22,168,32,3,227,9.4,0.82,1,231
"173",2015,"MUNICIPIO",251350,61,0,48,0,10,22,10,10,9,0,0,0,61,20,24,31,25.66,6.43,1,12,14,22,1,2,3,1,0,56,0,12,49,30,31,59,2,0,0,0,2,55,4,2,55,4,38,39,40,39.21,1.69,0,8,5,0,35,60,1,29,31,59,0,0,26,1,14,0,14,0,0,2,0,2,60,0,1,0,0,29,32,3,1,0,56,0,3050,3350,3600,3367.38,587.98,5,49,7,5,42,10,0,60,9.12,0.61,0,61
"174",2015,"MUNICIPIO",251360,82,0,66,1,14,23,21,13,8,2,0,0,81,21,25,31.75,25.9,6.68,2,6,24,40,0,7,29,1,0,52,0,18,60,27,55,80,2,0,0,0,10,66,5,10,66,5,38,39,40,38.68,1.93,0,12,11,11,41,82,0,31,51,81,1,0,19,1,22,2,26,1,0,2,0,8,77,5,0,0,0,46,36,29,1,0,52,0,3200,3500,3800,3388.2,668.48,8,60,14,3,57,18,4,68,8.78,1.38,0,82
"175",2015,"MUNICIPIO",251365,20,0,18,0,2,5,4,5,4,0,0,0,20,23,29,33,28,6.21,0,2,2,13,1,2,3,0,0,17,0,8,12,9,11,20,0,0,0,0,0,17,1,0,17,1,38,39,39.75,38.72,1.36,0,4,2,2,12,20,0,3,17,19,1,0,9,0,4,0,4,0,1,0,0,0,20,0,0,0,0,10,10,3,0,0,17,0,3081.25,3262.5,3500,3339.25,442.06,0,19,1,1,15,2,0,20,9.35,0.59,0,20
"176",2015,"MUNICIPIO",251370,2141,0,2030,32,425,550,514,403,177,38,1,1,2108,20,25,30,25.52,6.59,14,177,723,1084,44,93,88,9,5,2028,5,894,1235,821,1320,2102,39,1,6,17,183,1816,89,207,1816,89,38,39,40,38.76,2.13,4,583,304,275,831,674,1467,936,1205,2043,85,7,590,111,595,68,456,31,46,36,7,169,2139,0,0,2,0,1076,1065,88,9,5,2028,5,2962,3270,3592,3244.45,557.96,172,1822,147,154,1615,265,20,2116,9.4,0.84,18,2121
"177",2015,"MUNICIPIO",251380,59,0,42,1,15,11,12,16,2,2,0,0,58,19,25,31,25.44,6.88,1,3,12,22,1,4,2,0,0,57,0,16,43,27,32,57,2,0,0,0,3,54,2,3,54,2,37.5,39,40,38.78,1.6,0,1,1,5,49,59,0,19,40,58,1,0,26,0,18,0,9,0,1,2,0,3,59,0,0,0,0,37,22,2,0,0,57,0,2925,3295,3617.5,3259.41,549.7,3,51,5,6,43,8,0,59,9.47,0.68,0,59
"178",2015,"MUNICIPIO",251385,28,0,27,0,1,10,11,4,2,0,0,0,28,21.75,25.5,28,25.79,4.58,0,3,3,22,0,0,2,0,0,26,0,16,10,13,15,28,0,0,0,1,2,25,0,3,25,0,38,39,39,38.46,1.91,1,4,2,2,18,28,0,14,14,26,1,0,10,1,6,1,5,1,0,0,0,3,28,0,0,0,0,15,13,2,0,0,26,0,3211.25,3455,3823.75,3437.86,573.36,3,21,4,1,20,7,0,28,8.96,0.33,0,28
"179",2015,"MUNICIPIO",251390,463,0,419,4,83,127,121,87,35,6,0,0,459,20,25,30,25.6,6.23,0,83,177,134,25,26,78,5,0,373,0,323,134,220,243,450,12,0,2,8,42,387,11,52,387,11,38,39,40,38.33,2.27,0,62,21,40,327,337,126,93,370,439,20,0,156,16,92,8,106,9,6,12,0,40,461,2,0,0,0,218,245,78,5,0,373,0,2950,3250,3545,3214,560.79,33,397,33,23,357,53,3,459,9.73,0.68,8,453
"180",2015,"MUNICIPIO",251392,67,0,65,1,11,19,21,7,5,3,0,0,66,20,26,29,25.87,6.67,0,5,16,37,1,7,22,2,0,43,0,32,35,36,31,66,1,0,0,0,8,58,1,8,58,1,38,39,40,38.6,1.71,0,5,4,3,54,67,0,13,54,66,1,0,31,2,10,0,15,0,1,1,0,7,67,0,0,0,0,26,41,22,2,0,43,0,3007.5,3340,3560,3288.67,443.79,2,62,3,2,55,9,0,67,9.63,0.6,0,67
"181",2015,"MUNICIPIO",251394,35,0,32,0,8,11,7,9,0,0,0,0,35,20.5,24,29.5,24.63,5.41,0,5,16,12,1,1,4,0,0,28,1,24,11,10,25,35,0,0,0,0,3,31,1,3,31,1,38,39,40,38.86,1.65,0,11,1,0,23,35,0,18,17,29,6,0,7,1,10,1,7,1,5,0,0,3,34,1,0,0,0,12,23,4,0,0,28,1,3202.5,3390,3542.5,3351,346.38,0,35,0,2,25,7,0,34,9.03,0.39,1,33
"182",2015,"MUNICIPIO",251396,35,0,33,0,4,11,7,9,3,1,0,0,35,21.5,26,33,26.97,6.42,0,3,15,17,0,0,4,1,0,29,0,12,22,14,21,35,0,0,0,0,2,33,0,2,33,0,38,39,40,38.74,1.42,0,1,1,1,31,35,0,4,31,35,0,0,12,1,7,0,13,0,0,0,0,2,35,0,0,0,0,14,21,4,1,0,29,0,2975,3320,3750,3302.57,700.76,5,26,4,5,23,7,0,34,9.59,0.61,1,33
"183",2015,"MUNICIPIO",251398,47,0,39,0,4,7,18,13,3,2,0,0,47,25,28,31.5,27.94,5.76,0,5,13,23,2,3,12,2,1,29,0,14,31,19,28,47,0,0,1,1,2,42,1,4,42,1,38,38,39.5,38.34,2.67,0,9,2,3,28,46,1,6,41,45,1,0,13,5,4,2,18,1,0,0,0,3,46,0,0,1,0,27,20,12,2,1,29,0,3043,3335,3522.5,3309.51,588.8,3,40,4,2,39,6,1,46,9.17,1.19,0,47
"184",2015,"MUNICIPIO",251400,52,0,48,0,9,18,11,9,5,0,0,0,52,20,24,31.25,25.6,6.42,0,6,16,26,3,1,4,1,0,46,0,31,20,22,30,50,2,0,0,0,9,39,2,9,39,2,37,39,39,38.04,2.26,0,8,8,6,26,51,1,23,29,49,3,0,17,2,7,2,10,1,2,2,0,7,51,0,1,0,0,23,28,4,1,0,46,0,2935,3377.5,3612.5,3262.5,703.56,5,41,6,1,38,8,1,50,8.94,0.65,1,50
"185",2015,"MUNICIPIO",251410,51,0,48,2,10,14,11,3,6,4,1,0,49,20,24,32.5,26.47,8.34,2,12,20,12,0,1,2,1,0,47,0,27,24,16,35,51,0,0,0,2,7,39,2,9,39,2,37.25,39,40,38.52,2.4,0,10,5,3,31,51,0,20,31,50,0,1,11,2,12,2,13,0,0,0,1,9,51,0,0,0,0,22,29,2,1,0,47,0,2962.5,3255,3532.5,3226,474.91,4,45,2,4,37,7,2,49,9.24,1.56,2,49
"186",2015,"MUNICIPIO",251420,114,0,101,0,20,37,32,13,9,3,0,0,114,20,24.5,29,25.32,6.11,1,12,45,48,2,6,33,6,5,67,0,35,76,52,62,113,0,0,0,3,14,93,4,17,93,4,38,39,40,38.41,2.35,0,18,5,7,71,114,0,20,93,111,3,0,37,9,15,5,29,0,3,0,0,15,113,1,0,0,0,61,53,33,6,5,67,0,2930,3240,3587.5,3206.54,537.62,12,97,5,12,82,18,2,110,9.08,0.92,1,113
"187",2015,"MUNICIPIO",251430,89,0,73,2,21,17,22,15,9,3,0,0,87,19,25,31,25.65,7.03,3,16,29,27,1,4,7,6,0,73,0,30,57,34,55,83,5,0,0,2,3,76,8,5,76,8,38,39,40,39.19,1.99,0,9,3,9,23,87,2,36,52,85,1,0,31,2,20,1,23,0,1,5,0,4,88,1,0,0,0,39,50,7,6,0,73,0,3160,3500,3750,3457.19,473.69,2,78,9,5,62,15,0,88,8.95,0.69,0,88
"188",2015,"MUNICIPIO",251440,50,0,37,0,12,15,9,10,3,1,0,0,50,20,23.5,30,25.1,6.17,0,8,8,21,1,0,2,0,0,48,0,18,32,15,35,46,4,0,0,0,8,39,2,8,39,2,37,39,39,38.35,1.77,0,0,4,7,30,50,0,23,27,49,1,0,10,0,17,0,11,0,1,4,0,6,50,0,0,0,0,21,29,2,0,0,48,0,2830,3235,3643.5,3221.78,635.29,9,36,5,5,32,8,0,49,9.16,0.72,1,47
"189",2015,"MUNICIPIO",251445,78,0,49,1,11,23,19,16,6,2,0,0,77,21,26,31,26.15,6.55,1,8,17,43,2,1,11,2,0,49,1,20,54,34,44,76,0,0,0,0,5,63,6,5,63,6,38.25,40,40,39.38,1.73,1,17,9,11,26,78,0,33,44,73,3,0,21,5,22,2,14,2,1,0,0,5,78,0,0,0,0,38,40,11,2,0,49,1,3066.25,3442.5,3690,3366.86,608.06,6,62,10,7,52,11,0,76,9.28,0.69,0,75
"190",2015,"MUNICIPIO",251450,307,0,274,6,64,75,71,60,24,7,0,0,301,20,25,31,25.43,6.84,2,39,121,97,15,29,91,2,1,203,0,121,181,147,160,301,4,0,0,5,28,261,7,33,261,7,38,39,40,38.49,2.03,1,49,28,43,170,305,2,86,221,293,11,2,100,19,63,8,67,5,4,4,2,28,307,0,0,0,0,149,158,91,2,1,203,0,2947.5,3225,3480,3204.79,501.85,19,272,16,18,240,31,3,302,9.18,0.61,1,296
"191",2015,"MUNICIPIO",251455,30,0,28,0,6,3,10,6,5,0,0,0,30,22.25,26,34,27.4,6.88,1,7,7,11,0,2,7,0,0,23,0,7,23,12,18,30,0,0,0,0,4,25,1,4,25,1,38,39,40,38.47,2.01,0,7,1,8,14,29,1,8,22,30,0,0,7,2,6,3,8,0,0,0,0,4,29,0,1,0,0,17,13,7,0,0,23,0,2913.75,3127.5,3311.25,3125.83,531.32,3,24,3,2,24,4,1,29,8.83,1.18,0,30
"192",2015,"MUNICIPIO",251460,46,0,34,0,12,12,6,9,7,0,0,0,46,18.5,23.5,32.5,25.48,7.16,0,4,10,19,0,1,3,0,0,43,0,10,35,20,26,42,4,0,0,0,2,40,3,2,40,3,38,39,39,38.76,1.54,0,0,1,5,38,46,0,27,19,45,1,0,18,0,15,0,7,0,1,4,0,0,46,0,0,0,0,28,18,3,0,0,43,0,2881.25,3175,3493.25,3188.78,527.24,4,40,2,4,32,5,1,43,9.27,0.87,0,45
"193",2015,"MUNICIPIO",251465,27,0,25,0,6,5,7,4,5,0,0,0,27,20.5,26,32.5,26.56,7.08,0,7,6,8,2,3,1,1,0,25,0,21,5,13,14,27,0,0,1,0,5,19,2,6,19,2,37.5,39,40,38.22,3.47,0,6,1,1,19,27,0,6,21,27,0,0,9,1,6,0,5,0,0,0,0,6,27,0,0,0,0,15,12,1,1,0,25,0,3015,3270,3425,3147.41,690.24,3,22,2,1,23,1,1,26,9.41,2,0,27
"194",2015,"MUNICIPIO",251470,43,0,34,1,7,14,7,10,2,2,0,0,42,20.5,24,32,25.79,6.82,0,2,7,23,4,1,13,0,0,29,0,10,32,24,19,43,0,0,2,0,5,34,2,7,33,2,38,39,40,38.1,3.77,0,4,2,2,32,43,0,21,22,39,2,0,12,6,7,3,5,1,1,0,0,6,43,0,0,0,0,25,18,13,0,0,30,0,2735,3200,3540,3100.09,691.92,7,33,3,4,32,5,1,40,9.34,0.94,2,41
"195",2015,"MUNICIPIO",251480,45,0,42,1,9,9,18,4,1,3,0,0,44,20,26,29,25.42,6.69,0,7,17,15,0,2,5,1,0,39,0,29,15,14,31,43,1,0,0,1,4,38,1,5,38,1,37.75,39,40,38.57,2.16,0,14,5,4,18,45,0,22,23,41,4,0,10,0,13,1,10,2,2,1,0,4,45,0,0,0,0,29,16,5,1,0,39,0,2900,3310,3625,3185.8,644.49,5,37,3,6,30,5,1,44,9.09,0.85,1,44
"196",2015,"MUNICIPIO",251490,104,0,74,1,22,17,23,24,12,4,1,0,103,20,27.5,31.25,26.88,7.42,0,2,25,38,4,6,6,0,0,97,0,27,75,33,71,102,2,0,0,0,5,95,1,5,95,1,38,39,40,38.96,1.36,0,2,9,9,72,91,13,50,54,99,5,0,30,1,29,2,27,1,4,2,0,5,104,0,0,0,0,42,62,6,0,0,97,0,3065,3270,3525,3280.7,436.71,4,97,3,4,86,9,6,95,9.05,1.47,0,104
"197",2015,"MUNICIPIO",251500,84,0,78,0,23,19,19,14,8,1,0,0,84,19,24.5,30,25,6.74,1,15,36,29,0,3,2,0,0,79,0,31,50,32,52,84,0,0,1,1,9,64,9,11,64,9,38,39,40,38.85,2.81,0,27,10,16,23,84,0,59,25,79,5,0,20,6,32,5,8,2,3,0,0,8,84,0,0,0,0,40,44,2,0,0,79,0,2935.75,3217.5,3504,3193.56,694.48,8,67,9,9,59,12,1,83,9.38,0.76,2,82
"198",2015,"MUNICIPIO",251510,169,0,163,2,31,42,42,34,13,5,0,0,167,20,26,31,25.92,6.85,0,25,61,66,4,11,1,0,0,166,0,80,85,50,119,166,3,0,0,0,9,155,5,9,155,5,38,39,40,38.88,1.57,1,23,11,16,115,169,0,83,86,158,9,0,46,2,42,14,45,1,8,3,0,6,169,0,0,0,0,78,91,1,0,0,166,0,3015,3300,3570,3294.15,477.91,7,147,15,9,131,24,0,168,9.05,0.36,0,169
"199",2015,"MUNICIPIO",251520,43,0,40,0,9,13,12,4,4,1,0,0,43,20,23,29,25.02,6.6,1,4,15,17,1,1,4,0,0,37,0,16,25,17,26,43,0,0,0,0,6,34,3,6,34,3,37.5,39,40,38.63,1.99,0,13,0,2,28,43,0,13,30,39,3,1,11,3,10,1,8,1,2,0,1,6,43,0,0,0,0,26,17,4,0,0,37,0,2980,3320,3460,3212.53,388.45,2,39,2,1,38,3,0,43,9.49,0.55,0,43
"200",2015,"MUNICIPIO",251530,603,0,529,6,147,147,144,99,51,9,0,0,597,19,25,30,25.07,6.63,7,99,240,193,17,30,50,7,1,508,5,120,466,223,380,581,17,0,6,7,49,511,19,62,511,19,38,39,40,38.66,2.47,1,146,50,54,289,533,70,335,267,567,27,3,126,60,158,43,112,10,12,16,3,49,589,14,0,0,0,293,310,50,7,1,508,5,2940,3230,3570,3227.8,621.03,49,505,49,34,455,82,7,596,9.52,0.86,9,548
"201",2015,"MUNICIPIO",251540,173,0,162,1,34,58,41,26,10,3,0,0,172,20,24,29,25,6.09,1,25,61,75,5,5,11,0,0,158,0,92,74,58,115,170,2,0,1,3,18,138,9,22,138,9,38,39,40,38.7,2.44,0,28,6,16,118,162,11,120,52,164,7,0,48,1,62,6,24,1,6,2,0,19,173,0,0,0,0,85,88,11,0,0,158,0,3075,3440,3710,3379.49,602.76,14,143,16,3,127,32,1,171,9.07,0.51,2,170
"202",2015,"MUNICIPIO",251550,158,0,147,1,29,45,36,23,17,7,0,0,157,20.25,25,31,26.17,7.04,1,14,49,78,4,8,15,1,4,134,0,90,65,62,96,152,6,0,3,0,12,134,6,15,134,6,38,39,40,38.57,2.54,0,29,13,12,102,120,38,69,89,150,7,0,39,13,42,5,34,3,2,6,0,10,158,0,0,0,0,88,70,15,1,4,134,0,2971.25,3301,3538.75,3223.51,556.93,13,139,6,5,126,15,0,157,9.18,0.64,4,153
"203",2015,"MUNICIPIO",251560,48,0,4,0,5,17,13,8,5,0,0,0,48,21.75,25,30.25,26.04,5.81,1,3,14,17,3,1,1,1,0,4,0,12,31,14,34,48,0,0,0,0,2,43,2,2,43,2,38,39,40,39,1.5,0,15,0,3,27,48,0,20,27,44,3,1,12,1,15,4,10,0,3,0,1,2,47,1,0,0,0,23,25,1,1,0,4,0,3043.75,3315,3570,3308.9,448.37,3,41,4,2,40,4,0,47,9.74,0.53,0,13
"204",2015,"MUNICIPIO",251570,46,0,34,1,12,11,15,6,0,1,0,0,45,19,24,28,23.72,5.81,0,4,17,17,1,2,4,0,0,37,0,15,29,23,23,46,0,0,0,1,1,39,4,2,39,4,38,39,40,39.04,2.24,0,2,0,0,32,46,0,23,21,45,1,0,21,1,11,0,9,0,1,0,0,2,45,0,0,1,0,24,22,4,0,0,37,0,3092.5,3345,3800,3430.87,490.17,1,37,8,2,30,12,0,46,8.93,0.74,0,46
"205",2015,"MUNICIPIO",251580,105,0,102,1,16,30,30,12,13,2,1,0,104,21,25,30,26.13,6.58,1,23,33,42,2,3,2,0,0,100,0,72,33,23,82,105,0,0,0,0,10,86,9,10,85,9,38,39,40.25,39.04,2.14,0,13,5,6,78,105,0,67,38,100,4,0,19,0,43,5,23,0,4,0,0,10,105,0,0,0,0,51,54,2,0,0,101,0,2940,3280,3670,3315.72,492.9,4,94,7,6,84,12,1,104,8.86,0.56,0,105
"206",2015,"MUNICIPIO",251590,72,0,21,0,20,16,11,13,11,1,0,0,72,19,24.5,32.25,25.56,7.25,2,15,18,18,4,3,1,1,0,22,0,25,43,32,40,71,0,0,1,2,5,60,3,8,58,3,38,39,40,38.41,2.93,0,13,4,2,48,70,2,33,39,67,3,0,17,6,17,8,9,2,1,0,0,8,71,0,1,0,0,36,36,2,1,1,22,0,2966.25,3277.5,3652.5,3296.12,547.03,4,62,6,4,50,13,1,70,9.52,0.69,1,35
"207",2015,"MUNICIPIO",251593,76,0,15,0,5,20,18,21,11,1,0,0,76,23,28,32,27.97,5.76,0,8,29,28,2,4,2,0,0,15,0,16,53,15,61,69,4,0,0,0,6,67,3,6,67,3,38,39,40,38.93,1.86,0,19,2,1,50,76,0,29,47,72,2,0,10,3,19,9,23,0,0,7,0,3,76,0,0,0,0,40,36,2,0,0,15,0,2863.75,3352.5,3621.25,3230,602.4,7,65,4,2,56,10,0,76,9.51,0.79,0,33
"208",2015,"MUNICIPIO",251597,101,0,96,1,14,37,25,19,3,2,0,0,100,21,24,28,25,5.88,0,12,39,43,3,3,8,0,0,93,0,37,64,45,56,99,2,0,0,1,11,83,5,12,83,5,38,39,40,38.63,2.06,0,18,4,13,60,101,0,53,48,100,1,0,31,10,29,3,14,1,0,2,0,10,101,0,0,0,0,51,50,8,0,0,93,0,2885,3256,3510,3216.92,496.1,5,90,6,7,73,15,1,100,9.4,0.86,1,97
"209",2015,"MUNICIPIO",251600,376,0,325,4,90,92,81,72,29,7,1,0,372,19.75,25,30,25.3,6.74,3,70,153,107,16,23,45,4,0,284,0,159,207,166,210,369,6,0,2,4,31,319,20,37,319,20,38,39,40,38.84,2.28,0,76,16,34,243,125,251,193,182,354,11,8,121,16,102,18,57,5,5,6,8,34,376,0,0,0,0,183,193,45,4,0,284,0,3000,3330,3620,3275.48,528.96,23,335,18,33,271,57,1,372,9.1,0.71,1,355
"210",2015,"MUNICIPIO",251610,238,0,224,3,59,63,55,24,30,4,0,0,235,19,24,29,25.08,6.77,0,24,95,96,6,10,11,0,0,221,0,155,77,66,172,235,2,0,0,0,24,205,7,24,205,7,38,39,40,38.71,1.67,0,44,10,17,156,229,9,144,93,225,9,0,54,0,90,9,46,2,7,2,0,23,238,0,0,0,0,117,121,11,0,0,221,0,3005,3315,3597.5,3300.7,506.21,14,207,17,16,187,28,3,234,8.92,0.76,2,235
"211",2015,"MUNICIPIO",251615,46,0,44,1,8,17,12,2,6,0,0,0,45,21.25,24,27,24.78,6.14,0,6,18,18,1,2,7,0,0,39,0,28,18,21,25,46,0,0,0,1,1,41,3,2,41,3,38.25,39,40,39.17,2.05,0,9,3,4,29,46,0,25,21,45,1,0,19,2,11,4,7,0,1,0,0,2,46,0,0,0,0,23,23,7,0,0,39,0,2960,3200,3511.25,3233.59,484.9,2,42,2,6,33,6,0,46,9.54,0.66,1,44
"212",2015,"MUNICIPIO",251620,974,0,856,13,160,242,257,188,90,21,2,1,960,21,26,31,26.17,6.53,9,86,314,410,51,86,315,29,45,532,0,337,604,375,599,945,21,0,6,6,92,826,37,104,826,37,38,39,40,38.47,2.14,0,201,63,66,525,90,884,153,815,937,18,1,237,82,135,44,333,5,9,21,1,81,974,0,0,0,0,508,466,315,29,45,532,0,2955,3230,3540,3211.78,529.35,74,858,42,62,752,110,14,954,9.14,0.8,4,967
"213",2015,"MUNICIPIO",251630,238,0,221,2,47,61,62,44,16,5,0,1,235,20.25,25,30.75,25.71,6.57,1,22,82,98,18,11,49,0,0,179,0,154,75,97,141,223,13,0,2,2,23,207,4,27,207,4,38,39,39,38.3,2.24,0,41,9,16,169,51,187,68,168,223,13,0,60,23,51,8,56,3,8,13,0,14,238,0,0,0,0,119,119,49,0,0,179,0,2900,3200,3500,3161.06,538.77,20,209,9,12,183,25,1,235,9.52,0.7,3,234
"214",2015,"MUNICIPIO",251640,91,0,17,3,18,17,18,19,10,5,1,0,88,20,27,32,26.69,7.99,1,15,29,38,0,2,2,0,0,19,0,27,55,35,56,91,0,0,0,2,8,72,7,10,72,7,38,39,40,38.84,2.2,1,26,0,7,51,91,0,37,54,88,1,0,25,4,23,5,19,1,0,0,0,10,91,0,0,0,0,49,42,2,0,0,19,0,2892.5,3310,3685,3297.7,606.65,10,70,11,9,61,18,2,89,9.33,1.23,3,38
"215",2015,"MUNICIPIO",251650,236,0,179,2,57,56,52,36,25,6,2,0,234,19.75,25,30,25.66,7.35,0,27,68,70,7,15,6,0,0,196,0,89,140,78,158,222,10,0,2,1,32,187,7,35,184,7,38,39,40,38.66,2.32,1,23,22,20,130,203,33,123,112,184,18,0,59,4,52,1,43,1,8,13,0,21,235,0,0,1,0,131,105,13,1,0,219,0,2903.75,3227.5,3580,3203.42,582.56,24,195,17,15,171,24,6,224,8.92,1.1,0,234
"216",2015,"MUNICIPIO",251660,206,0,150,4,49,55,40,32,21,4,1,0,202,19,24,30,25.27,6.93,6,16,68,68,1,13,34,5,1,155,0,53,146,88,118,202,3,0,0,1,13,176,10,12,173,10,38,39,40,39.15,1.68,0,19,5,16,145,195,11,98,108,179,5,1,70,3,40,12,36,0,3,3,1,12,203,1,0,2,0,104,102,34,5,1,161,0,2888.75,3312.5,3600,3263.38,579.98,13,177,16,16,151,21,3,199,9.3,1.09,1,202
"217",2015,"MUNICIPIO",251670,251,0,170,1,72,78,59,27,9,5,0,0,250,19,23,27,23.71,6.01,3,18,69,76,6,8,14,0,0,233,0,87,159,89,162,247,4,0,0,2,10,226,12,12,225,11,38,39,40,39.11,1.6,0,5,21,34,161,246,5,139,112,245,4,0,79,5,88,4,54,0,4,4,0,10,245,0,1,5,0,122,129,14,0,0,235,0,2987.5,3320,3577.5,3281.73,488.74,12,223,16,17,201,26,5,235,9.25,0.94,0,247
"218",2015,"MUNICIPIO",251675,41,0,38,1,10,10,8,8,4,0,0,0,40,19,24,30,25.2,6.91,0,5,13,21,1,0,1,0,0,39,0,27,12,11,30,40,0,0,0,1,2,34,3,3,34,3,38,39.5,40,39.17,2.29,0,8,1,2,27,41,0,29,11,40,0,0,9,1,20,4,3,0,0,0,0,3,41,0,0,0,0,20,21,1,0,0,39,0,3100,3480,3775,3448.41,397.78,0,37,4,0,28,10,0,41,9.02,0.52,1,40
"219",2015,"MUNICIPIO",251680,102,0,98,0,17,25,25,27,8,0,0,0,102,21,25.5,30.75,26.08,6.02,0,11,32,46,7,4,24,0,0,77,0,48,53,44,58,100,2,0,0,0,11,85,5,11,84,5,38,39,40,38.86,1.97,0,6,2,7,83,102,0,29,73,96,5,0,33,5,23,2,22,2,1,2,0,10,102,0,0,0,0,53,49,24,0,0,78,0,2980,3197.5,3512.5,3253.77,504.92,4,92,6,5,73,18,2,100,8.99,0.85,0,102
"220",2015,"MUNICIPIO",251690,177,0,163,3,28,48,47,29,15,7,0,0,174,21,25,30,26.08,6.58,0,18,46,80,5,22,40,1,1,132,0,67,109,86,91,174,3,0,0,2,11,154,7,13,151,7,38,39,39,38.65,1.79,0,26,12,11,120,157,20,40,136,167,7,0,65,9,24,7,46,4,3,3,0,10,175,2,0,0,0,90,87,43,1,1,132,0,2900,3200,3475,3172.35,476.17,13,159,5,9,145,11,3,174,9.29,0.77,0,176
"221",2015,"MUNICIPIO",251700,118,0,110,2,19,38,29,18,9,3,0,0,116,20,24.5,29.75,25.36,6.43,0,17,38,51,3,8,14,0,0,99,0,59,59,39,79,116,2,0,0,1,13,96,8,14,95,8,38,39,40,38.78,2.26,0,25,4,10,72,116,2,65,53,113,3,0,29,4,40,5,21,2,1,2,0,13,116,0,2,0,0,56,62,15,0,0,99,0,3042.5,3262.5,3637.5,3256.46,598.04,7,105,6,7,94,12,1,112,8.96,0.66,2,116
"222",2015,"MUNICIPIO",251710,34,0,27,1,4,4,8,8,8,1,0,0,33,23.5,29.5,34.75,28.74,7.5,0,0,6,14,0,7,5,0,0,28,0,5,29,11,23,34,0,0,0,1,4,27,2,5,26,2,38,39,40,38.42,2.35,0,1,5,2,22,34,0,15,19,30,3,0,7,2,11,1,5,1,2,0,0,4,34,0,0,0,0,21,13,5,0,0,29,0,2972.5,3217.5,3533.75,3208.97,702.63,4,26,4,4,26,3,2,32,9,1.69,0,33
"223",2015,"MUNICIPIO",251720,58,0,52,0,8,17,14,13,6,0,0,0,58,21,26,32,26.31,6.59,1,4,25,28,0,0,27,1,3,24,0,12,43,23,35,56,2,0,0,2,5,51,0,7,51,0,37.25,38,39,37.78,2.16,0,8,1,4,42,58,0,12,45,57,1,0,16,4,9,2,20,0,0,2,0,5,58,0,0,0,0,34,24,27,1,3,24,0,2826.25,3110,3472.5,3108.14,635.55,8,47,3,5,41,10,2,55,8.93,0.88,0,58
"224",2015,"MUNICIPIO",251740,37,0,35,1,9,7,8,7,3,2,0,0,36,19,25,33,26.41,7.3,1,3,7,20,1,3,2,0,0,34,0,12,24,12,25,37,0,0,0,1,3,31,2,4,31,2,38,39,40,38.76,2.17,0,5,1,2,29,37,0,11,26,37,0,0,9,1,11,0,12,0,0,0,0,4,36,1,0,0,0,22,15,2,0,0,34,0,2915,3156,3550,3137.46,585.95,4,32,1,3,29,4,0,37,9.22,0.67,0,37
