"","ANO","NIVEL","CODMUNRES","POPR_RA","POPR_RE"
"1",2015,"UF","25",2915627,1327870
"2",2015,"MUNICIPIO","250010",4476,0
"3",2015,"MUNICIPIO","250020",3358,0
"4",2015,"MUNICIPIO","250030",21278,8470
"5",2015,"MUNICIPIO","250040",6899,0
"6",2015,"MUNICIPIO","250050",11100,0
"7",2015,"MUNICIPIO","250053",5425,5425
"8",2015,"MUNICIPIO","250057",0,0
"9",2015,"MUNICIPIO","250060",16276,0
"10",2015,"MUNICIPIO","250070",0,0
"11",2015,"MUNICIPIO","250073",1498,998
"12",2015,"MUNICIPIO","250077",4806,0
"13",2015,"MUNICIPIO","250080",8188,6000
"14",2015,"MUNICIPIO","250090",10429,13355
"15",2015,"MUNICIPIO","250100",11057,7880
"16",2015,"MUNICIPIO","250110",13726,0
"17",2015,"MUNICIPIO","250115",953,1412
"18",2015,"MUNICIPIO","250120",0,0
"19",2015,"MUNICIPIO","250130",0,0
"20",2015,"MUNICIPIO","250135",0,0
"21",2015,"MUNICIPIO","250140",0,0
"22",2015,"MUNICIPIO","250150",5266,0
"23",2015,"MUNICIPIO","250153",0,0
"24",2015,"MUNICIPIO","250157",891,0
"25",2015,"MUNICIPIO","250160",9491,0
"26",2015,"MUNICIPIO","250170",0,0
"27",2015,"MUNICIPIO","250180",77843,8793
"28",2015,"MUNICIPIO","250190",15553,0
"29",2015,"MUNICIPIO","250200",5130,7320
"30",2015,"MUNICIPIO","250205",0,0
"31",2015,"MUNICIPIO","250210",4357,0
"32",2015,"MUNICIPIO","250215",4861,0
"33",2015,"MUNICIPIO","250220",1811,0
"34",2015,"MUNICIPIO","250230",2158,0
"35",2015,"MUNICIPIO","250240",9026,8500
"36",2015,"MUNICIPIO","250250",11319,12462
"37",2015,"MUNICIPIO","250260",4829,0
"38",2015,"MUNICIPIO","250270",0,0
"39",2015,"MUNICIPIO","250280",10100,0
"40",2015,"MUNICIPIO","250290",5097,0
"41",2015,"MUNICIPIO","250300",14570,0
"42",2015,"MUNICIPIO","250310",2463,0
"43",2015,"MUNICIPIO","250320",65634,13074
"44",2015,"MUNICIPIO","250330",3981,0
"45",2015,"MUNICIPIO","250340",1869,0
"46",2015,"MUNICIPIO","250350",10615,0
"47",2015,"MUNICIPIO","250355",0,3400
"48",2015,"MUNICIPIO","250360",5860,0
"49",2015,"MUNICIPIO","250370",61431,9287
"50",2015,"MUNICIPIO","250375",1513,397
"51",2015,"MUNICIPIO","250380",5342,0
"52",2015,"MUNICIPIO","250390",4292,355
"53",2015,"MUNICIPIO","250400",405072,357612
"54",2015,"MUNICIPIO","250403",3101,0
"55",2015,"MUNICIPIO","250407",1918,2318
"56",2015,"MUNICIPIO","250410",0,0
"57",2015,"MUNICIPIO","250415",3210,0
"58",2015,"MUNICIPIO","250420",3358,1720
"59",2015,"MUNICIPIO","250430",22542,5803
"60",2015,"MUNICIPIO","250435",1891,0
"61",2015,"MUNICIPIO","250440",13106,7500
"62",2015,"MUNICIPIO","250450",6181,0
"63",2015,"MUNICIPIO","250460",13311,0
"64",2015,"MUNICIPIO","250470",4314,0
"65",2015,"MUNICIPIO","250480",0,0
"66",2015,"MUNICIPIO","250485",1040,0
"67",2015,"MUNICIPIO","250490",6233,0
"68",2015,"MUNICIPIO","250500",5682,645
"69",2015,"MUNICIPIO","250510",0,0
"70",2015,"MUNICIPIO","250520",6821,0
"71",2015,"MUNICIPIO","250523",2223,0
"72",2015,"MUNICIPIO","250527",5240,0
"73",2015,"MUNICIPIO","250530",0,0
"74",2015,"MUNICIPIO","250535",0,0
"75",2015,"MUNICIPIO","250540",0,0
"76",2015,"MUNICIPIO","250550",2900,0
"77",2015,"MUNICIPIO","250560",4491,3830
"78",2015,"MUNICIPIO","250570",0,0
"79",2015,"MUNICIPIO","250580",3435,0
"80",2015,"MUNICIPIO","250590",2346,0
"81",2015,"MUNICIPIO","250600",20481,0
"82",2015,"MUNICIPIO","250610",6067,0
"83",2015,"MUNICIPIO","250620",2144,2984
"84",2015,"MUNICIPIO","250625",0,0
"85",2015,"MUNICIPIO","250630",57361,33757
"86",2015,"MUNICIPIO","250640",7334,0
"87",2015,"MUNICIPIO","250650",2282,0
"88",2015,"MUNICIPIO","250660",4083,0
"89",2015,"MUNICIPIO","250670",4887,0
"90",2015,"MUNICIPIO","250680",12808,0
"91",2015,"MUNICIPIO","250690",18119,0
"92",2015,"MUNICIPIO","250700",18267,5892
"93",2015,"MUNICIPIO","250710",17000,0
"94",2015,"MUNICIPIO","250720",6008,0
"95",2015,"MUNICIPIO","250730",8548,0
"96",2015,"MUNICIPIO","250740",4129,4833
"97",2015,"MUNICIPIO","250750",791438,599226
"98",2015,"MUNICIPIO","250760",7158,0
"99",2015,"MUNICIPIO","250770",8442,0
"100",2015,"MUNICIPIO","250780",0,0
"101",2015,"MUNICIPIO","250790",7227,0
"102",2015,"MUNICIPIO","250800",5075,0
"103",2015,"MUNICIPIO","250810",2380,0
"104",2015,"MUNICIPIO","250820",3752,0
"105",2015,"MUNICIPIO","250830",11461,475
"106",2015,"MUNICIPIO","250840",1614,0
"107",2015,"MUNICIPIO","250850",4238,0
"108",2015,"MUNICIPIO","250855",2061,0
"109",2015,"MUNICIPIO","250860",12804,0
"110",2015,"MUNICIPIO","250870",3030,2215
"111",2015,"MUNICIPIO","250880",5481,0
"112",2015,"MUNICIPIO","250890",24060,2850
"113",2015,"MUNICIPIO","250900",7797,6150
"114",2015,"MUNICIPIO","250905",0,0
"115",2015,"MUNICIPIO","250910",15269,0
"116",2015,"MUNICIPIO","250915",5665,0
"117",2015,"MUNICIPIO","250920",4230,0
"118",2015,"MUNICIPIO","250930",0,0
"119",2015,"MUNICIPIO","250933",833,0
"120",2015,"MUNICIPIO","250937",798,0
"121",2015,"MUNICIPIO","250939",4805,3000
"122",2015,"MUNICIPIO","250940",2871,0
"123",2015,"MUNICIPIO","250950",0,0
"124",2015,"MUNICIPIO","250960",3421,0
"125",2015,"MUNICIPIO","250970",24337,19189
"126",2015,"MUNICIPIO","250980",5828,2800
"127",2015,"MUNICIPIO","250990",3447,0
"128",2015,"MUNICIPIO","251000",0,0
"129",2015,"MUNICIPIO","251010",0,0
"130",2015,"MUNICIPIO","251020",3841,0
"131",2015,"MUNICIPIO","251030",0,2556
"132",2015,"MUNICIPIO","251040",4483,0
"133",2015,"MUNICIPIO","251050",2369,0
"134",2015,"MUNICIPIO","251060",2063,1700
"135",2015,"MUNICIPIO","251065",924,0
"136",2015,"MUNICIPIO","251070",2115,0
"137",2015,"MUNICIPIO","251080",106314,7017
"138",2015,"MUNICIPIO","251090",4678,0
"139",2015,"MUNICIPIO","251100",2550,1200
"140",2015,"MUNICIPIO","251110",3709,2928
"141",2015,"MUNICIPIO","251120",9873,1596
"142",2015,"MUNICIPIO","251130",12190,0
"143",2015,"MUNICIPIO","251140",13705,0
"144",2015,"MUNICIPIO","251150",7847,0
"145",2015,"MUNICIPIO","251160",0,0
"146",2015,"MUNICIPIO","251170",3174,0
"147",2015,"MUNICIPIO","251180",8944,0
"148",2015,"MUNICIPIO","251190",4096,0
"149",2015,"MUNICIPIO","251200",0,0
"150",2015,"MUNICIPIO","251203",796,0
"151",2015,"MUNICIPIO","251207",3953,0
"152",2015,"MUNICIPIO","251210",32051,17412
"153",2015,"MUNICIPIO","251220",2748,0
"154",2015,"MUNICIPIO","251230",17405,0
"155",2015,"MUNICIPIO","251240",4947,0
"156",2015,"MUNICIPIO","251250",30488,638
"157",2015,"MUNICIPIO","251260",978,80
"158",2015,"MUNICIPIO","251270",0,0
"159",2015,"MUNICIPIO","251272",4539,0
"160",2015,"MUNICIPIO","251274",0,0
"161",2015,"MUNICIPIO","251275",2228,0
"162",2015,"MUNICIPIO","251276",0,0
"163",2015,"MUNICIPIO","251278",0,0
"164",2015,"MUNICIPIO","251280",0,8538
"165",2015,"MUNICIPIO","251290",13383,0
"166",2015,"MUNICIPIO","251300",1305,692
"167",2015,"MUNICIPIO","251310",4283,0
"168",2015,"MUNICIPIO","251315",0,0
"169",2015,"MUNICIPIO","251320",4176,0
"170",2015,"MUNICIPIO","251330",3252,1700
"171",2015,"MUNICIPIO","251335",1450,1400
"172",2015,"MUNICIPIO","251340",14197,13991
"173",2015,"MUNICIPIO","251350",2902,0
"174",2015,"MUNICIPIO","251360",4129,0
"175",2015,"MUNICIPIO","251365",880,0
"176",2015,"MUNICIPIO","251370",118055,5101
"177",2015,"MUNICIPIO","251380",3188,0
"178",2015,"MUNICIPIO","251385",0,0
"179",2015,"MUNICIPIO","251390",28382,26000
"180",2015,"MUNICIPIO","251392",3356,0
"181",2015,"MUNICIPIO","251394",1751,800
"182",2015,"MUNICIPIO","251396",0,0
"183",2015,"MUNICIPIO","251398",1578,0
"184",2015,"MUNICIPIO","251400",3624,0
"185",2015,"MUNICIPIO","251410",0,0
"186",2015,"MUNICIPIO","251420",3360,0
"187",2015,"MUNICIPIO","251430",3161,0
"188",2015,"MUNICIPIO","251440",2074,0
"189",2015,"MUNICIPIO","251445",2622,0
"190",2015,"MUNICIPIO","251450",16001,0
"191",2015,"MUNICIPIO","251455",0,0
"192",2015,"MUNICIPIO","251460",2057,0
"193",2015,"MUNICIPIO","251465",1318,400
"194",2015,"MUNICIPIO","251470",3375,2212
"195",2015,"MUNICIPIO","251480",2487,0
"196",2015,"MUNICIPIO","251490",7232,5935
"197",2015,"MUNICIPIO","251500",0,0
"198",2015,"MUNICIPIO","251510",5425,0
"199",2015,"MUNICIPIO","251520",2500,2300
"200",2015,"MUNICIPIO","251530",34410,10941
"201",2015,"MUNICIPIO","251540",4412,0
"202",2015,"MUNICIPIO","251550",10630,0
"203",2015,"MUNICIPIO","251560",2335,0
"204",2015,"MUNICIPIO","251570",2539,0
"205",2015,"MUNICIPIO","251580",0,0
"206",2015,"MUNICIPIO","251590",3958,0
"207",2015,"MUNICIPIO","251593",4379,0
"208",2015,"MUNICIPIO","251597",2085,0
"209",2015,"MUNICIPIO","251600",18844,0
"210",2015,"MUNICIPIO","251610",12425,0
"211",2015,"MUNICIPIO","251615",0,0
"212",2015,"MUNICIPIO","251620",61453,28819
"213",2015,"MUNICIPIO","251630",14948,4375
"214",2015,"MUNICIPIO","251640",6037,0
"215",2015,"MUNICIPIO","251650",0,0
"216",2015,"MUNICIPIO","251660",10383,6811
"217",2015,"MUNICIPIO","251670",9520,0
"218",2015,"MUNICIPIO","251675",1200,1
"219",2015,"MUNICIPIO","251680",0,0
"220",2015,"MUNICIPIO","251690",12794,0
"221",2015,"MUNICIPIO","251700",1360,1000
"222",2015,"MUNICIPIO","251710",2426,1800
"223",2015,"MUNICIPIO","251720",1186,0
"224",2015,"MUNICIPIO","251740",1566,0
